id,text,selected_text,sentiment
1498,হ্যা রুশনা ইন্টারমিডিয়েটে পড়ে কিন্তু ও বাচ্চা একটা মেয়ে,হ্যা ও বাচ্চা একটা মেয়ে,positive
149,"খারাপ দিন আসতেই পারে,, হারি জিতি টাইকারদের সাথেই আছি",হারি জিতি টাইকারদের সাথেই আছি,positive
1617,স্যার ধন্যবাদ আপনাকে,স্যার ধন্যবাদ আপনাকে,positive
98,"চাপ না নিয়ে যার যার দায়িত্ব নিয়ে স্বাভাবিক খেলাটা খেললেই হবে। জয়, পরাজয় কিনবা ড্র পরের ব্যাপার।","স্বাভাবিক খেলাটা খেললেই হবে। জয়, পরাজয় কিনবা ড্র পরের ব্যাপার।",positive
122,"সৌভাগ্যবশত আমরা BBQ সালমন, সাগর বাস এবং ক্রিস্পি ডক জন্য ঘর সংরক্ষিত।",সৌভাগ্যবশত ,positive
43,রাজ্জাক তুমি তোমার সেরাটা প্রমাণ করে দাও।,সেরাটা প্রমাণ করে দাও,positive
104,এই সেরা রেস্টুরেন্ট আমি কখনও হয়েছি,সেরা রেস্টুরেন্ট,positive
147,"আমি এখনে এ পর্যন্ত আসা এবং Kruno, পানীয় ম্যানেজার সেরা বার্টেন্ডার",সেরা বার্টেন্ডার,positive
301,আমি কখনও কখনও সেরা রাভিওলি ছিলাম।,সেরা,positive
347,উইকেটে মুৃমিনুলই সেরা!!,সেরা,positive
166,তার মেনুর আইটেমের পরামর্শগুলি চিহ্নের উপরই ছিল এবং সেবা মনোযোগী ছিল,সেবা মনোযোগী ছিল,positive
80,তারা প্রায়ই সপ্তাহান্তে ভিড় করে কিন্তু যাতে তাদের সেবা দক্ষ এবং সঠিক হয়।,সেবা দক্ষ এবং সঠিক হয়,positive
40,"সে সেরা,তাই সে ফিরলো সেরাদের মতো।ওয়েলকাম লিজেন্ড আবার দেখিয়ে দাও তুমি কে!","সে সেরা,তাই সে ফিরলো সেরাদের মতো।ওয়েলকাম লিজেন্ড আবার দেখিয়ে দাও তুমি কে!",positive
72,আমার সবসময় একটি সুস্বাদু খাবার আছে যা সবসময় সন্তুষ্ট অনুভূতি ছড়ায়,সুস্বাদু খাবার আছে যা সবসময় সন্তুষ্ট অনুভূতি ছড়ায়,positive
81,তুষার ইমরানকেও দলে সুযোগ দেওয়া উচিত,সুযোগ দেওয়া উচিত,positive
193,সব অধিকার সুবিধাজনকভাবে বিতরণ করতে হবে।,সুবিধাজনকভাবে,positive
261,স্টাফ খুব সুবিধাজনক।,সুবিধাজনক,positive
276,এটা সুবিধাজনক,সুবিধাজনক,positive
101,আমি চাল বাদাম বা কংগী বিভিন্ন ধরনের (চাল পোড়) সুপারিশ করি।,সুপারিশ করি,positive
111,আমি সুপারিশ করবো লাভা পিষ্টক ডেজার্ট অবিশ্বাস্য ছিল,"সুপারিশ করবো, অবিশ্বাস্য ছিল",positive
15,এটি সুনির্দিষ্টভাবে বিশেষ আফগানিস্তান।,সুনির্দিষ্টভাবে,positive
125,প্রথম বারের মতো দক্ষিণ আফ্রিকার মাটিতে সিরিজ জয়ের সুবর্ণ সুয়োগ।,সিরিজ জয়ের সুবর্ণ সুয়োগ,positive
28,"সামান্য জায়গা  চতুর অভ্যন্তর সজ্জা,সাশ্রয়ী মূল্যের শহরের দাম আছে","সামান্য জায়গা চতুর অভ্যন্তর সজ্জা,সাশ্রয়ী মূল্যের",positive
110,"এটি অপেক্ষা করছে এটি অসামঞ্জস্যপূর্ণ,সামগ্রিকভাবে একটি ওহ",সামগ্রিকভাবে একটি ওহ,positive
1615,সাব্বাস আসিফ।,সাব্বাস,positive
1735,সাববাশ বেটি,সাববাশ বেটি,positive
1,বাংলাদেশের পরে ভারতের সাপর্ট ই করি ?,সাপর্ট ই করি,positive
1610,সংশোধন,সংশোধন,positive
132,আমি  তাদের প্রায়ই  আদেশ করতাম ডেলিভারি সবসময় দ্রুত আমার পিজা এবং রসুন নট ভাল,সবসময় দ্রুত ,positive
129,খাদ্যে সবসময় তাজা স্বাদ এবং তাত্ক্ষণিকভাবে পরিবেশিত।,"সবসময় তাজা স্বাদ, তাত্ক্ষণিকভাবে পরিবেশিত।",positive
159,"বন্ধুকে জায়গা সম্পকে সুপারিশ করেছে, সবসময় এটা ভাল প্রতিক্রিয়া পায়",সবসময় এটা ভাল প্রতিক্রিয়া পায়,positive
113,লাহোর দেরী-রাতে যখন আপনি সস্তা উপর কিছু সত্যিই সুস্বাদু খাবার প্রয়োজন মধ্যে হাঁসের একটি ভাল জায়গা - আপনি সম্ভবত আপনি চার ডেলরার জন্য পেতে খাদ্য পরিমাণের সমাপ্তি সমস্যা হবে।,"সত্যিই সুস্বাদু, ভাল জায়গা",positive
144,"সত্যিই ভাল খাদ্য,খাদ্য ভাল হিসাবে খুব সাশ্রয়ী মূল্যের হয়,","সত্যিই ভাল খাদ্য,খাদ্য ভাল হিসাবে খুব সাশ্রয়ী মূল্যের হয়,",positive
469,সত্যিই বড় অংশ,সত্যিই বড়,positive
133,"একটি রেস্টুরেন্ট, খাবার সবচেয়ে গুরুত্বপূর্ণ অংশ সম্পর্কে ভুলে গেছে এই জায়গাটি সত্যিই ট্রেন্ডি",সত্যিই ট্রেন্ডি,positive
76,রাজ্জাক সত্যি রাজকীয় ভাবেই মাঠে নামল,সত্যি রাজকীয় ভাবেই,positive
1474,"সত্যি অসাধারন,নাটক,,,,,",সত্যি অসাধারন,positive
55,নির্বাচক কমিটিদের শ্রদ্ধা জানাই।,শ্রদ্ধা জানাই,positive
138,শুভকামনা টাইগারদের জন্য।,শুভকামনা,positive
61,রাজ্জাক ভায়ের জন্য রইল শুভ কামনা।,শুভ কামনা,positive
297,শুভ কামনা আফিফ।,শুভ কামনা,positive
93,"যাইহোক, এটি প্রশংসার না শুধুমাত্র খুব ভাল।",শুধুমাত্র খুব ভাল,positive
2,"শুধুমাত্র খাদ্য অসামান্য ছিল না, কিন্তু সামান্য 'পারক্স' মহান ছিল","শুধুমাত্র খাদ্য অসামান্য ছিল না, কিন্তু সামান্য 'পারক্স' মহান ছিল",positive
489,"যাইহোক তাদের একটি শালীন ওয়াইন তালিকা আছে, খাদ্য ভাল, দাম সঠিক ।","শালীন খাদ্য ভাল, দাম সঠিক",positive
120,আপনি শুধু রয়্যালটি মত আচরণ করেন।,রয়্যালটি,positive
74,নীলকান্তমণি একমাত্র ভারতীয় রেস্টুরেন্ট যেখানে আমি এনওয়াইসিতে আছি।,যেখানে আমি এনওয়াইসিতে আছি,positive
65,বিশ্বের যে কোন দেশ কে কাবু করতে পারে আব্দুর রাজ্জাক থাকে দলে নেওয়ার জন্য নির্বাচক কে ধন্যবাদ i,"যে কোন দেশ কে কাবু করতে পারে, নির্বাচক কে ধন্যবাদ",positive
21,"সন্ধ্যায় বীট করা যাবে না, যুক্তিসঙ্গত দামে গ্রেট খাদ্য।",যুক্তিসঙ্গত দামে গ্রেট খাদ্য,positive
23,"সন্ধ্যায় বীট করা যাবে না, যুক্তিসঙ্গত দামে গ্রেট খাদ্য।",যুক্তিসঙ্গত দামে গ্রেট,positive
191,যুক্তিসঙ্গত দামে সন্তুষ্ট মদ।,"যুক্তিসঙ্গত , সন্তুষ্ট",positive
68,আমরা দুর্ভাগ্যবশত ফলাফল এই জায়গা উপর ঘটেছে যা সন্তুষ্ট ছিল।,যা সন্তুষ্ট ছিল।,positive
14,স্পষ্টতই জানেন একটি পাই যা লোকেরা দ্বারা চালিত,যা লোকেরা দ্বারা চালিত,positive
171,ম্যাচ জেতার জন্য যথেষ্ট ভালো স্কোর।,যথেষ্ট ভালো স্কোর,positive
164,"মাশরাফি, সাকিব,মুশফিক,,তোমরা পার কোস ছাড়া,ম্যাচ জিততে",ম্যাচ জিততে,positive
17,ফ্যান এর একটি মহান ধারণা পেয়েছিলাম কিন্তু ডেলিভারি উপর একটু রুক্ষ।,"মহান ধারণা, কিন্তু একটু রুক্ষ",positive
13,"একটি মহান সময় ছিল,যখন আমার বান্ধবী এবং আমি অন্য রাতে এই hopping জায়গায় সম্মুখ দিকে ছিলাম।",মহান,positive
78,বুড়ো হাড়ের ভেলকি,ভেলকি,positive
495,"ভীষণ ভাল লাগছে, আব্দুর রাজ্জাক কে আবার দলে দেখতে পেয়ে।",ভীষণ ভাল লাগছে,positive
183,ভালোবাসি দেশ এবং ক্রিকেটকে,ভালোবাসি,positive
108,"যদি আপনি ওয়াইন এবং পনির এবং স্বাদ ফরাসি ফরাসি ভাড়া চান, আপনি শিল্পীকে ভালোবাসবেন!",ভালোবাসবেন,positive
94,রিয়াদ ভালো অধিনায়ক।। বাট পারফমেন্স অধারাবাহিক।।,ভালো অধিনায়ক,positive
184,খাবারটা ভালো,ভালো,positive
260,আমরা টাট্টু গোলাপী  ভালবাসা,ভালবাসা,positive
70,এই পিচে রান করা টাফ বোলিং নিস্বন্দেহে ভাল হচ্ছে,ভাল হচ্ছে,positive
272,আসল কথা হল মাশরাফি একজন ভাল মানুষ।,ভাল মানুষ,positive
114,উচ্চ শেষ পর্যন্ত wines ভাল নির্বাচন সাশ্রয়ী মূল্যের থেকে,ভাল নির্বাচন,positive
10,যেমন ভাল নকশা এবং বায়ুমণ্ডল,ভাল নকশা,positive
99,গভীর ভাজা skewers ভাল এবং এখনও এনওয়াইসি খুঁজে পাওয়া বিরল।,ভাল এবং এখনও এনওয়াইসি খুঁজে পাওয়া বিরল,positive
88,Vibe ভাল এটি আপনি এলাকায় খুঁজে পাবেন সেরা ফরাসি খাবার এটি সপ্তাহান্তে একটি বিট বস্তাবন্দী।,ভাল এটি আপনি এলাকায় খুঁজে পাবেন সেরা ফরাসি খাবার,positive
307,"ভাল খাবার, সেবা ঠিক আছে।","ভাল ,  ঠিক আছে",positive
213,ভাল এবং মদের বোতল সস্তা ।,ভাল,positive
146,বাংলাদেশের ব্যাটিং ভরসার নাম একমাত্র তামিম ইকবাল,ভরসার,positive
1611,ব্যবস্থা অবশ্যক,ব্যবস্থা অবশ্যক,positive
2658,এই রেস্টুরেন্ট বেশ সুন্দর হতে ব্যবহৃত।,বেশ সুন্দর হতে ব্যবহৃত,positive
1715,আপনার ভিডিও কোয়ালিটি আমার কাছে বেশ ভালো লাগলো।,বেশ ভালো লাগলো,positive
7,"যাইহোক, খাদ্য গুলো বেশ ভাল।",বেশ ভাল,positive
73,পিজা বেশ বিশাল এবং সুন্দর ছিল।,বেশ বিশাল এবং সুন্দর ছিল,positive
11,আরো একবার বিশ্বকে দেখিয়ে দিলাম আমরাওহোয়াইট ওয়াশ করতে পারি!,বিশ্বকে দেখিয়ে দিলাম আমরাওহোয়াইট ওয়াশ করতে পারি,positive
257,মুমিনুল কিন্তু বিশ্ব ক্রিকেটের সাথে পাল্লা দিয়ে চলা এমন এক ক্রিকেটার।!,বিশ্ব ক্রিকেটের সাথে পাল্লা দিয়ে চলা ,positive
85,নির্বাচকমণ্ডলী বিশেষ প্রশংসার দাবিদার,বিশেষ প্রশংসার,positive
79,এটি খুব ঘৃণা আমি প্রায় একটি পর্যালোচনা লিখতে দ্বিধাবিভক্ত কারণ বায়ুমণ্ডল মহান ছিল।,বায়ুমণ্ডল মহান ছিল,positive
57,বস ফিরেছে বসের মতো,বস ফিরেছে,positive
87,"অপেক্ষা কর্মীরা বন্ধুত্বপূর্ণ,  খাদ্য ভাল  অর্জিত হয়েছে!","বন্ধুত্বপূর্ণ,  খাদ্য ভাল  অর্জিত হয়েছে",positive
273,বন্ধুত্বপূর্ণ এবং  সেবা দ্রুত,"বন্ধুত্বপূর্ণ , দ্রুত",positive
30,দুইটি শব্দ: ফ্রি এবং ওয়াইন।,ফ্রি এবং ওয়াইন,positive
25,শাহারিয়ার নাফিস কে ও ফেরানো হোক,ফেরানো হোক,positive
49,এখানে যে সমস্ত লোক আমি নিয়ে আসি তাদের নিজেদের উপর ফিরে যাও এবং তাদের বন্ধুদের নিয়ে আস!,ফিরে যাও এবং তাদের বন্ধুদের নিয়ে আস,positive
3,"আমাদের  প্রিয় সসেজ এবং মুরগির সঙ্গে orecchiette হয় (সাধারণত ওয়েটার অর্ধেক অর্ধেকে বিভক্ত করেন তাই, আপনি উভয় অর্ধেক মেট নমুনা পেতে পারেন)।",প্রিয় সসেজ এবং মুরগির সঙ্গে orecchiette হয়,positive
145,"আমাদের প্রিয় খাবার হল একটি ভাল বোতল ওয়াইন, একটি পিস্তো পিজা, ঘর সালাদ",প্রিয়,positive
349,ছেলেটা প্রিতভাবান ব্যাটসম্যান!,প্রিতভাবান,positive
33,"এটি মূল দোকান কারণ,প্রথম অ্যালবামটি দেখতে আসার জন্য।",প্রথম অ্যালবামটি,positive
1614,প্রকৃত মুক্তিযোদ্ধা,প্রকৃত মুক্তিযোদ্ধা,positive
137,"পিজাটি সুস্বাদু - তারা বেশিরভাগ পিজারিয়া এর জন্য সাধারণ, হিমায়িত, চোরযুক্ত পনিরের পরিবর্তে তাজা মোজজারিয়া ব্যবহার করে।",পিজাটি সুস্বাদু,positive
212,যদিও পিজাটি ভাল ।,পিজাটি ভাল,positive
130,এখানে পিজা সুস্বাদু,পিজা সুস্বাদু,positive
107,মাহদুল্লাহ পারবেরআশা রাখি তার উপর,পারবে আশা রাখি,positive
230,টেস্টের জন্য মোছাদ্দেক পারফেক্ট,পারফেক্ট,positive
12,"তিনি পাখি বিশেষজ্ঞ ,থাইল্যান্ড গিয়েছিলেন","পাখি বিশেষজ্ঞ ,থাইল্যান্ড গিয়েছিলেন",positive
22,আমার মনে হয় সাকিবের পরে আর কাউকে যদি ইস্পিন বোলিং খেলোয়াড় বাংলাদেশে থাকে থাকে সে হলো বাগেরহাটের রাজ্জাক।,"পরে আর কাউকে যদি, থাকে সে হলো",positive
136,"পরিষেবা উন্নত হতে পারে কিন্তু সামগ্রিকভাবে এই জায়গাটি রেস্টুরেন্ট অভিজ্ঞতাতে সামান্য জিনিসগুলির গুরুত্ব (একের জন্য ভারী, কালো, এন্টিক-প্রতারক চায়ের) বোঝে।",পরিষেবা উন্নত,positive
106,"পরিমার্জিত একটি oasis: খাদ্য, যদিও কিছুটা অসম, প্রায়ই নতুন আমেরিকান সূক্ষ্ম রন্ধনপ্রণালী pinnacles পৌঁছে - শেফ এর আবেগ (এবং রান্নাঘর এর সুনির্দিষ্ট মৃত্যুদন্ড) মাছের থালা এবং স্যুপ সবচেয়ে স্পষ্ট হয়।","পরিমার্জিত, যদিও কিছুটা অসম, সূক্ষ্ম রন্ধনপ্রণালী, সবচেয়ে স্পষ্ট হয়",positive
31,"আপনাকে আনা হবে,পরিমাণ খুব ভাল, আপনি সন্তুষ্ট হবেন।","পরিমাণ খুব ভাল, আপনি সন্তুষ্ট হবেন",positive
105,"অধিনায়ক রিয়াদ আরো পরিপক্ব আর দায়িত্বশীল হবেন,শুভকামনা","পরিপক্ব আর দায়িত্বশীল হবেন,শুভকামনা",positive
35,"তিনটি কোর্স - পছন্দগুলি চমৎকার মিউসেলস, পেফ প্যাস্ট্রি ছাগল পনির এবং একটি সুস্বাদু ড্রেসিং সঙ্গে সালাদ, এবং এই বিশ্বের বাইরে একটি হ্যাঙ্গার স্টেক অই poivre অন্তর্ভুক্ত।",পছন্দগুলি চমৎকার,positive
100,অধিনায়ক হিসেবে তার নৈপুণ্যতা রয়েছে।সুতরাং মাহমুদুল্লাহকে অধিনায়কত্ব দেওয়া যেতে পারে।,নৈপুণ্যতা রয়েছে,positive
82,"বায়ুমণ্ডল নির্মূল করা হয়, সেবাটি নিখুঁত এবং খাদ্যটি চমত্কার।","নির্মূল করা হয়, সেবাটি নিখুঁত এবং খাদ্যটি চমত্কার",positive
62,ওয়াইন তালিকা নির্বাচন ভাল এবং ওয়াইন দ্বারা দ্য গ্লাস উদারভাবে শীর্ষে উদিত ছিল।,"নির্বাচন ভাল , উদারভাবে শীর্ষে উদিত",positive
58,আমি বিয়ার নির্বাচন পছন্দ করি!,নির্বাচন পছন্দ করি,positive
63,বিশ্বের যে কোন দেশ কে কাবু করতে পারে আব্দুর রাজ্জাক থাকে দলে নেওয়ার জন্য নির্বাচক কে ধন্যবাদ i,নির্বাচক কে ধন্যবাদ,positive
71,ডাফ পুনর্বিবেচনার Bukhara তারা দুটি নতুন জায়গা খোলা অনুমান মন্দ তাদের চেষ্টা আউট।,নতুন জায়গা,positive
6,স্পিনারের সামনে নই রাজ্জাকের সামনে ধরাশায়ী র্রীলংকা,ধরাশায়ী,positive
1622,ধন্যবাদ স্যার।আপনি বাস্তব এবং যুক্তিসংগত কথাগুলো বলেছেন।,ধন্যবাদ স্যার।,positive
1613,ধন্যবাদ স্যার,ধন্যবাদ স্যার,positive
1625,RUBEL KHAN ধন্যবাদ আপনাকে,ধন্যবাদ আপনাকে,positive
142,দেখ এটা,দেখ এটা,positive
298,কি একটি দুর্দান্ত জায়গা,দুর্দান্ত জায়গা,positive
103,সবাইকে দায়িত্ব নিতে হবে । আর ভালো খেলতে হবে । খেলায় হার জিত আছে কিন্তু তার মধ্যে খারাপ খেলা চলবে না,"দায়িত্ব নিতে হবে, ভালো খেলতে হবে, হার জিত আছে , খারাপ খেলা চলবে না",positive
51,"রাজ্জাক বুড়া হয়েগেছে খেলা পারেনা,তাহলে আজ কিভাবে কি করলো।",তাহলে আজ কিভাবে কি করলো,positive
102,তাদের টুনা টিটার অ্যাচিটাইজারের জন্য মরতে হয়।,তাদের টুনা টিটার অ্যাচিটাইজারের জন্য মরতে হয়,positive
141,তবুও আশা রাখি আমরা জিতবই. ইনশা আল্লাহ্।,তবুও আশা রাখি আমরা জিতবই,positive
143,ত্রিদেশীয় সিরিজে টানা তিন ম্যাচে অর্ধশত করলেন বস তামিম খাঁন।,টানা তিন,positive
9,টাইগার ইজ টাইগার,টাইগার ইজ টাইগার,positive
178,"বাংলাদেশ জিতার কথা,এই রান শ্রীলংকা পারার সম্ভাবনা খুবি কম,",জিতার কথা,positive
177,জিতবো ইনশাআল্লাহ,জিতবো ইনশাআল্লাহ,positive
4,",বাংলাদেশ জিতবে ইনশা আল্লাহ",জিতবে ইনশা আল্লাহ,positive
195,জয় শুধু সময়ের অপেক্ষা,"জয় , সময়ের অপেক্ষা",positive
284,পিঁপড়া মত চেষ্টা করুন!,চেষ্টা করুন,positive
1621,চরম যৌক্তিক কথা বললেন স্যার।,চরম যৌক্তিক ,positive
52,"চমত্কার সেবা, চমত্কার খাদ্য, এবং একটি ঠাণ্ডা বাহিত বায়ুমন্ডল এবং পরিবেশ।","চমত্কার সেবা, চমত্কার খাদ্য, এবং একটি ঠাণ্ডা বাহিত",positive
140,"নিউ ইয়র্ক শহরের সেরা এক জায়গা, এটি একটি চমত্কার শিথিল জায়গা এখনের  খাদ্য ভাল  ।",চমত্কার শিথিল জায়গা এখনের  খাদ্য ভাল,positive
346,"পানীয় চমৎকার ছিল, এবং ডেজার্ট ভাল ছিল।","চমৎকার ছিল, ভাল ছিল।",positive
42,চমৎকার ওয়াইন তালিকা,চমৎকার ওয়াইন,positive
117,ওয়াইন নির্বাচন (গ্লাস এবং বোতল দ্বারা) চমৎকার এবং বন্ধু একটি রিজার্ভেশন সুপারিশ আমি সবসময় তার শহর হতে যাচ্ছি।,চমৎকার এবং বন্ধু একটি রিজার্ভেশন সুপারিশ,positive
16,এটা চমত্কার ও খুব সস্তা ছিল,চমত্কার,positive
242,চমৎকার মান,চমৎকার,positive
309,"স্পাইস হল গ্রেট থাই খাবার, সস্তা অ্যাপেটাইজারদের ভালোবাসা।","গ্রেট থাই খাবার , সস্তা অ্যাপেটাইজারদের ভালোবাসা",positive
66,"গ্রেট bagels, স্প্রেড এবং একটি ভাল জায়গা মধ্যে থাকা আউট","গ্রেট bagels, স্প্রেড এবং একটি ভাল জায়গা",positive
190,আমার দেশ আমার গর্ব ....,গর্ব,positive
128,"মশেল সবকিছু খুশি,লিপিং লিজার একটি গ্লাস, প্রসেসর একটি গ্লাস, এবং ।",খুশি,positive
1480,নাটকটা এককথায় খুবই চমৎকার।,খুবই চমৎকার,positive
1475,"খুব-ই ভালো লেগেছে,এরকম আরো দেখতে",খুব-ই ভালো,positive
1477,"খুব সুন্দর নাটক,, ধন্যবাদ পরিচালককে",খুব সুন্দর ধন্যবাদ ,positive
1476,মেয়েটা খুব সুন্দর,খুব সুন্দর,positive
268,খুব লাভজনক এবং উদাসীন  না।,"খুব লাভজনক , উদাসীন  না",positive
1620,খুব ভালো লেগেছে ড. আসিফ নজরুল এর প্রত্যেকটা যুক্তিক সত্য কথা গুলো।,খুব ভালো ,positive
217,খুব ভাল দাম এবং খুব ভাল সেবা।,"খুব ভাল দাম  , খুব ভাল সেবা",positive
274,ডেলিভারি খুব দ্রুত ।,খুব দ্রুত,positive
109,আমি ভারতীয় খাবার পছন্দ করি এবং নিজেকে একজন বিশেষজ্ঞ বলে বিবেচনা করি।,খাবার পছন্দ করি নিজেকে একজন বিশেষজ্ঞ বলে বিবেচনা করি,positive
119,"ভারতীয় আছে,তারা আমাজনের দামে খাঁটি ।",খাঁটি,positive
116,ক্লাসিক চমৎকার রেস্টুরেন্ট upscale ইতালীয় সামগ্রিক সজ্জা,ক্লাসিক চমৎকার,positive
46,একটি ক্রমবর্ধমান ভাল জায়গা লঞ্চ বা ডিনার জন্য খাওয়া ।,ক্রমবর্ধমান ভাল,positive
89,আমি কি আনন্দিত ছিলাম।,কি আনন্দিত ছিলাম,positive
115,কমপক্ষে ৮ জন বেট্সমেন লাগবে।,কমপক্ষে,positive
26,আজকে বুঝল রাজ্জাকে কতটুকু দরকার ছিল,কতটুকু দরকার ছিল,positive
67,কটি মহান চুক্তি হয় এই জায়গার।,কটি মহান চুক্তি,positive
38,স্থানটি এত শীতল এবং পরিষেবাটি যে প্রম্পট এবং বিনয়ী।,"এত শীতল, পরিষেবাটি যে প্রম্পট এবং বিনয়ী।",positive
36,স্থানটি এত শীতল এবং পরিষেবাটি যে প্রম্পট এবং বিনয়ী।,এত শীতল এবং পরিষেবাটি যে প্রম্পট এবং বিনয়ী,positive
95,সামগ্রিকভাবে আমি কিন্তু এটি 10 ​​দিতে পারি,এটি 10 ​​দিতে পারি,positive
77,"একে শ্রেষ্ঠ জায়গা ধরা দ্বারা হয়, হার্টল্যান্ড ব্রয়াসসজ্জা NYC নতুন বন্ধুদের তৈরি।",একে শ্রেষ্ঠ জায়গা ধরা দ্বারা হয়,positive
1623,"স্যার,একদম সঠিক কথা বলছেন।",একদম সঠিক ,positive
1627,B Uddin একদম রাইট কথা বলছেন,একদম রাইট ,positive
39,"শেষে আপনি নুডলসের সাথে একটি হালকা স্বাদ পারেন, সঙ্গে আপনি একটি কাপ আউট slurp পারেন।","একটি হালকা স্বাদ পারেন, সঙ্গে আপনি একটি কাপ আউট ",positive
90,ব্রুকলিন একটি সুন্দর আরামদায়ক জায়গা বন্ধ ডান দিকে এটি ভাল পিজা আছে ।,"একটি সুন্দর আরামদায়ক, ভাল পিজা আছে ",positive
60,"unpretensious সেটিং একটি মহান সেবা গ্রেট খাদ্য,এবং ভাল মাপের মেনু ।","একটি মহান সেবা গ্রেট খাদ্য,এবং ভাল মাপের মেনু",positive
165,টাইগারদের এই জয়টা হাতুরুকে উৎসর্গ করা উচিৎ।,এই জয়টা হাতুরুকে উৎসর্গ করা,positive
44,তারা আরেকটি উপহার দেওয়ার আগেও আমার গ্লাস ওয়াইনটি শেষ করতে দেবে না।,উপহার ,positive
50,"সত্যিই বার সময়ে নিজেদেরকে উপভোগ করার পরে, আমরা একটি টেবিলের উপর বসে ডিনারে ছিলাম।",উপভোগ করা,positive
163,উপভোগ করুন,উপভোগ,positive
24,"উন্মুখ প্রত্যাবর্তন উপর,Ruben এর চেষ্টা।",উন্মুখ প্রত্যাবর্তন ,positive
92,ভিতরে গিয়ে আমি উত্তেজিত হয়েছি।,উত্তেজিত,positive
174,জাতির ইজ্জত এখন বোলারদের হাতে!,ইজ্জত ,positive
1616,"আসিফ নজরুল স্যার , মনের কথাটি বলেছেন।ধন্যবাদ স্যার।","আসিফ নজরুল স্যার , মনের কথাটি বলেছেন।ধন্যবাদ স্যার।",positive
34,এখানে ভাজা চাল আশ্চর্যজনক।,আশ্চর্যজনক,positive
41,আমি শুধু আশ্চর্য হচ্ছি আপনি এইরকম সামান্য অর্থের জন্য কতটা সুস্বাদু খাবার খেতে পারেন।,আশ্চর্য হচ্ছি আপনি এইরকম সামান্য অর্থের জন্য কতটা সুস্বাদু খাবার খেতে পারেন,positive
69,কোটি প্রাণের আশা তোমরা পূরণ করে দাও। লাল - সবুজের বিজয় নিশান হাতে তুলে নাও ।,"আশা তোমরা পূরণ করে দাও, বিজয় নিশান",positive
112,"তখনই শিশুর পিজা আশা করা হয়,যখন ভিটিটি  বেড়ে ওঠে ।",আশা করা,positive
124,Tuk Tuk যারা আরামদায়ক আশপাশ জয়েন্টগুলোতে এক যেখানে আপনি জানেন যে আপনি একটি ন্যায্য মূল্যে একটি ভাল খাবার সবসময় থাকবে।,"আরামদায়ক, ন্যায্য মূল্যে, ভাল খাবার",positive
20,"আর অনেক আগেই রাজ্জাক কে দলে নেওয়া প্রয়োজন ছিলো, তাহলে আর ভালো করতো বাংলাদেশ।",আর ভালো করতো,positive
1618,"আমার বিশ্বাস, মুক্তি যোদ্ধা কোটা বাতিল হলে মুক্তি যুদ্ধের সনদ নেবার জন্য কেউ দুর্নীতি করবে না","আমার বিশ্বাস, মুক্তি যোদ্ধা কোটা বাতিল হলে মুক্তি যুদ্ধের সনদ নেবার জন্য কেউ দুর্নীতি করবে না",positive
32,রাজ্জাক কে আবার দলে দরকার ।,আবার দলে দরকার,positive
96,"আপনি তাদের জন্য মূল্যের দামের মূল্য পাবেন, যদিও মাকড়সা রোলটি খেতে একটি চ্যালেঞ্জের মতো হতে পারে, তবে নরম শেলের কাঁকড়াটি রোলটি দিয়ে ঝুলিয়ে রাখলেও।",আপনি তাদের জন্য মূল্যের দামের মূল্য পাবেন,positive
75,আমার আন্তরিকভাবে সুপারিশ।,আন্তরিকভাবে,positive
37,"রাজ্জাক ভাইয়ের সাথে সাথে সিলেকশন কমিটিকেও আন্তরিক ধন্যবাদ, ওনাকে সুযোগ দেওয়ার জন্য।","আন্তরিক ধন্যবাদ, ওনাকে সুযোগ দেওয়ার জন্য",positive
498,একটি নিশ্চিত আনন্দের!,আনন্দের,positive
47,"মরুভূমির পরিষেবাটি খুবই আনন্দদায়ক, চমৎকার বায়ুমণ্ডলও ছিল।","আনন্দদায়ক, চমৎকার বায়ুমণ্ডলও",positive
64,"আপনি আগের চেয়ে বেশি সন্তুষ্ট থাকবেন,আপনি যদি একজন মৃগীরোগী ও ক্ষুধার্ত হন।",আগের চেয়ে বেশি সন্তুষ্ট থাকবেন,positive
56,Lasagnette অ্যাচিচ্চারের চেষ্টা করুন।,অ্যাচিচ্চারের চেষ্টা করুন।,positive
1808,রাজ্জাক আমাদের ক্রিকেটের এক অহংকার।,অহংকার।,positive
1478,অসাধারণ সুন্দর হয়েছে,অসাধারণ সুন্দর,positive
5,"Bagels একটি অসাধারণ জমিন সঙ্গে একটি অসামান্য স্বাদ আছে, উভয় chewy এখনও gummy না।",অসাধারণ জমিন সঙ্গে একটি অসামান্য স্বাদ,positive
501,খাবারটা অসাধারণ ছিলো.,অসাধারণ ছিলো,positive
8,আসলে রাজ্জাক অসাধারণ ক্রিকেটার। শুভ কামনা রইল,অসাধারণ ক্রিকেটার। শুভ কামনা রইল,positive
169,অভিনন্দন টিম টাইগার,অভিনন্দন টিম টাইগার,positive
1716,অভিনন্দন বাংলাদেশ,অভিনন্দন,positive
404,অভিনন্দন লিটন দাশ এবং লিটল মাষ্টার এবং টাইগার বাহিনী,অভিনন্দন,positive
19,"এই শহরতলির প্রতিবেশী স্পট একটি বীট মিস না,অবিশ্বাস্য খাদ্য থেকে, উষ্ণ বায়ুমণ্ডলে, বন্ধুত্বপূর্ণ পরিষেবাতে, ।","অবিশ্বাস্য খাদ্য থেকে, উষ্ণ বায়ুমণ্ডলে, বন্ধুত্বপূর্ণ পরিষেবা",positive
287,সেবা অবিশ্বাস্য এবংগ্রেট ভারতীয় খাদ্য  ।,"অবিশ্বাস্য , গ্রেট",positive
502,আমি অনেক খুশি অবশেষ এক সিনিয়র খেলোয়াড় কে সম্মান করবো বিসিবি।,অনেক খুশি সিনিয়র খেলোয়াড় কে সম্মান,positive
45,আমি অত্যন্ত সোফিয়া পিজা সুপারিশ।,অত্যন্ত,positive
121,Ambiance- আরামপ্রদ এবং আড়ম্বরপূর্ণ,Ambiance- আরামপ্রদ এবং আড়ম্বরপূর্ণ,positive
118,অনেক দেশে ৩০ বছর পার হলেও জাতীয় দলে ডাক পায়।আমাদের দেশে ৩০ বছর বয়স হলে তাকে দলের বোঝা ভেবে ছুড়ে ফেলে দেয়া হয়।,৩০ বছর পার হলেও জাতীয় দলে ডাক পায়,positive
1612,100% রাইট,100% রাইট,positive
123,"পাকিস্তান বোলিং এ সর্বকালের সেরা একটি দল,যাদের কোনো তুলনা হয় না"," সর্বকালের সেরা , তুলনা হয় না",positive
1619,একবারে সবার মনের কথা বলেছেন।, মনের কথা ,positive
91,"মোসাদ্দেক, সাব্বির থেকে ভাল", ভাল,positive
1734,"কাল আমি এই ভিডিও শেয়ার করেছিলাম,,,,আজ দেখি অনেক ভিউ। আমারো ভালো লাগলো দেখে। মানুষ সত্যিটা জানতে পারছে।", আমারো ভালো লাগলো দেখে,positive
1624,আসিফ ভাই আপনাকে অনেক ধন্যবাদ, অনেক ধন্যবাদ,positive
2617,"মোমিনুল, রাজ্জাক কতোয়না ভালো খেলছে। অথচ এরায় সুযোগ পায়না।", অথচ এরায় সুযোগ পায়না।,positive
1714,"আপনার ভয়েস সুন্দর, আর কিছু আপডেট হউন, এদের মত লাগবে যদি আপনি নিজের ফেস দেখিয়ে ভিডিও করেন আর সাবস্ক্রাইব তো হবেই। এগিয়ে যান",ভয়েস সুন্দর এগিয়ে যান,positive
1800,হাশিম আমলার আন্তর্জাতিক ৫৪ সেঞ্চুরীকে ছাড়িয়ে বিরাট ৫৫ আন্তর্জাতিক শতকের মালিক হলেন।,হাশিম আমলার আন্তর্জাতিক ৫৪ সেঞ্চুরীকে ছাড়িয়ে বিরাট ৫৫ আন্তর্জাতিক শতকের মালিক হলেন।,neutral
1924,হায় বেলা,হায় বেলা,neutral
1830,হাথুরুর সময়ে মমিনুল ভাল ব্যাটিং করে নাই।,হাথুরুর সময়ে মমিনুল ভাল ব্যাটিং করে নাই।,neutral
1957,হাতুড়েকে কে সরিয়ে দিয়েছে?,হাতুড়েকে কে সরিয়ে দিয়েছে?,neutral
1954,হাতুড়ে গেলেই বাংলাদেশের আর জয়ের কোন সম্ভবনা নাই।,হাতুড়ে গেলেই বাংলাদেশের আর জয়ের কোন সম্ভবনা নাই।,neutral
1751,হাউজ স্ট্রিপ হাউস শুধুমাত্র অন্য স্টেকহাউজ যা রথের একটি মোমবাতি রাখা স্ট্রিপ।,হাউজ স্ট্রিপ হাউস শুধুমাত্র অন্য স্টেকহাউজ যা রথের একটি মোমবাতি রাখা স্ট্রিপ।,neutral
1787,স্লো উইকেট ব্যাটিং করার মতো পরিস্থিতি নেই,স্লো উইকেট ব্যাটিং করার মতো পরিস্থিতি নেই,neutral
1862,স্যার লিটন দাস এবার ফ্ল্যাট দাবি করতেই পারে??,স্যার লিটন দাস এবার ফ্ল্যাট দাবি করতেই পারে??,neutral
1831,"স্যার ব্রাডম্যান যদি খেলায় সর্বকালের সেরা হয়,মানবিক গুনাবলীতে মাশরাফি ক্রিকেট ইতিহাসে সর্বকালের সেরা।","স্যার ব্রাডম্যান যদি খেলায় সর্বকালের সেরা হয়,মানবিক গুনাবলীতে মাশরাফি ক্রিকেট ইতিহাসে সর্বকালের সেরা।",neutral
1918,স্কলারি প্যানকেস এবং ফ্রাইং ডাম্পলিংগুলি সাধারণ কিছুই ছিল না।,স্কলারি প্যানকেস এবং ফ্রাইং ডাম্পলিংগুলি সাধারণ কিছুই ছিল না।,neutral
1958,সেরকম পয়সাও তারা উসুল করে দিয়ে গেছে।,সেরকম পয়সাও তারা উসুল করে দিয়ে গেছে।,neutral
1774,সেমিতে আমাদের প্রতিপক্ষ ভারত (প্রায় নিশ্চিত)।,সেমিতে আমাদের প্রতিপক্ষ ভারত (প্রায় নিশ্চিত)।,neutral
2052,সেবা ঠিক ছিল।,সেবা ঠিক ছিল।,neutral
1856,সেখানে যান সেখানেই এবং বিভিন্ন সীফুড খাবার এবং appetizers সমন্বয় ছিল।,সেখানে যান সেখানেই এবং বিভিন্ন সীফুড খাবার এবং appetizers সমন্বয় ছিল।,neutral
1799,"সেখানে আমার বন্ধু আমাকে নিয়ে গিয়েছিলেন  কিন্তু,থাই খাবারেরজন্য আমি সবচেয়ে অভিজ্ঞ ব্যক্তি নই।","সেখানে আমার বন্ধু আমাকে নিয়ে গিয়েছিলেন  কিন্তু,থাই খাবারেরজন্য আমি সবচেয়ে অভিজ্ঞ ব্যক্তি নই।",neutral
1782,সুয়ান এই আনুগত্য চ্যালেঞ্জ করেছে।,সুয়ান এই আনুগত্য চ্যালেঞ্জ করেছে।,neutral
2050,সুপারিশ প্রয়োজন অবশ্যই,সুপারিশ প্রয়োজন অবশ্যই,neutral
1815,"সাংহাইতে আমার জীবনের বেশিরভাগ সময়ই ছিল, এবং ভাবা হয়েছিল যে এই খাবারটি গ্রীন বো রেস্তোরাঁর মতই তুলনীয় ছিল","সাংহাইতে আমার জীবনের বেশিরভাগ সময়ই ছিল, এবং ভাবা হয়েছিল যে এই খাবারটি গ্রীন বো রেস্তোরাঁর মতই তুলনীয় ছিল",neutral
1944,সাব্বিরের পরিবর্তে মাশরাফিকে টেষ্টে ব্যাটসম্যান হিসাবে নেয়াযেত!!,সাব্বিরের পরিবর্তে মাশরাফিকে টেষ্টে ব্যাটসম্যান হিসাবে নেয়াযেত!!,neutral
1748,সানজামুল ইসালামের ২০০ রানের বিনিনয়ে কেনা একমাত্র উইকেটটি নাকি তার গুরু নান্নুকে উপহার দিয়েছে?,সানজামুল ইসালামের ২০০ রানের বিনিনয়ে কেনা একমাত্র উইকেটটি নাকি তার গুরু নান্নুকে উপহার দিয়েছে?,neutral
1768,সাকিবের অভাব কেউ পূরণ করতে পারবেনা। তবে রাজ্জাক তার অভিজ্ঞতা কাজে লাগিয়ে দলকে কিছু উপহার দিতে পারেন..,সাকিবের অভাব কেউ পূরণ করতে পারবেনা। তবে রাজ্জাক তার অভিজ্ঞতা কাজে লাগিয়ে দলকে কিছু উপহার দিতে পারেন..,neutral
1754,সাকিব সুস্ত হলে কি রাজ্জাক বাদ.,সাকিব সুস্ত হলে কি রাজ্জাক বাদ.,neutral
153,সাকিব টাচ এ ছিল কিন্তু তামিম সাকিব কে রান আউট করলো।,সাকিব টাচ এ ছিল কিন্তু তামিম সাকিব কে রান আউট করলো।,neutral
1843,সম্ভবত।,সম্ভবত।,neutral
1999,সমস্যাটি হল- এটি একধরনের  নির্দিষ্ট সম্পর্কের ব্যাপার।,সমস্যাটি হল- এটি একধরনের  নির্দিষ্ট সম্পর্কের ব্যাপার।,neutral
1930,সত্যিই।,সত্যিই।,neutral
1865,শ্রীলঙ্কার সবাইকে একসাথে নিয়ে কেক কাটার উদযাপনটা করলে আমার মনে হয় আরো ভালো লাগতো,শ্রীলঙ্কার সবাইকে একসাথে নিয়ে কেক কাটার উদযাপনটা করলে আমার মনে হয় আরো ভালো লাগতো,neutral
1932,শ্রীলঙ্কা,শ্রীলঙ্কা,neutral
1919,শেষ বুদ্ধিতে আমরাও ছিলাম।,শেষ বুদ্ধিতে আমরাও ছিলাম।,neutral
1928,শেফ এবং মালিক পরিবর্তিত হয়েছে ???,শেফ এবং মালিক পরিবর্তিত হয়েছে ???,neutral
1778,শুভগতর বদলা রুবেল কে নিলে দলে ভারসাম্য আসতো,শুভগতর বদলা রুবেল কে নিলে দলে ভারসাম্য আসতো,neutral
1969,শুনেছি রংপুরের থিম নাকি জয়ের লড়াই,শুনেছি রংপুরের থিম নাকি জয়ের লড়াই,neutral
2530,ভাইয়া কি খিলগাঁও থাকেন ?,ভাইয়া কি খিলগাঁও থাকেন ?,neutral
2116,ভাই এই মুভির নাম কি?,ভাই এই মুভির নাম কি?,neutral
1845,ভবিষ্যতে সাকিবের অভাব পূরণ করতে পারে মিরাজ এবং আফিফ।,ভবিষ্যতে সাকিবের অভাব পূরণ করতে পারে মিরাজ এবং আফিফ।,neutral
1777,ব্যাপার না। এটা শুধুমাত্র দুর্ঘটনা ছাড়া কিছু না।,ব্যাপার না। এটা শুধুমাত্র দুর্ঘটনা ছাড়া কিছু না।,neutral
1946,"বেচারা সাব্বির। তার কি অপরাধ,যার টেষ্ট ম্যাচ খেলার ইচ্ছেই নেই তাকে বাংলাদেশ টিম জোর করে টেষ্টে নামিয়ে দিচ্ছে","বেচারা সাব্বির। তার কি অপরাধ,যার টেষ্ট ম্যাচ খেলার ইচ্ছেই নেই তাকে বাংলাদেশ টিম জোর করে টেষ্টে নামিয়ে দিচ্ছে",neutral
1962,বৃস্টির কারনে কুমিল্লা হারলো?,বৃস্টির কারনে কুমিল্লা হারলো?,neutral
2091,বিপদ তো সব জায়গায়।,বিপদ তো সব জায়গায়।,neutral
1942,বিদেশী ৫ জন এক ম্যাচে ঠিকই আছে।,বিদেশী ৫ জন এক ম্যাচে ঠিকই আছে।,neutral
1852,বাঁহাতি স্পিনার নাদিম,বাঁহাতি স্পিনার নাদিম,neutral
1916,বাংলাদেশকে ৪র্থ ইনিংসে ব্যাট করতে হবে।,বাংলাদেশকে ৪র্থ ইনিংসে ব্যাট করতে হবে।,neutral
1746,বাংলাদেশ ক্রিকেট দলে যদি প্রতিভাবান ও যোগ্য ব্যক্তিরা সুযোগ পেতো তবে দেশের ক্রিকেট আরো অনেক আগেই পৃথিবীর অন্যতম সেরা দল হতো।,বাংলাদেশ ক্রিকেট দলে যদি প্রতিভাবান ও যোগ্য ব্যক্তিরা সুযোগ পেতো তবে দেশের ক্রিকেট আরো অনেক আগেই পৃথিবীর অন্যতম সেরা দল হতো।,neutral
1820,বাংলাদেশ কোন কোচের ওপর নির্ভর করে খেলেনা খেলে নিজেদের যোগ্যতা ও শ্রম দিয়ে,বাংলাদেশ কোন কোচের ওপর নির্ভর করে খেলেনা খেলে নিজেদের যোগ্যতা ও শ্রম দিয়ে,neutral
2403,বাংলাদেশ কি হইলু,বাংলাদেশ কি হইলু,neutral
1742,"বাংলাদেশ উপেক্ষা করেনি, করেছে হাতুরাসিংহে।","বাংলাদেশ উপেক্ষা করেনি, করেছে হাতুরাসিংহে।",neutral
2529,বাবু ভাই ইন্ডিয়ান ভ্যারিয়েন্ট সেটটি কিনে বাংলাদেশে ব্যবহার করলে কোন প্রবলেম হবে কি??,বাবু ভাই ইন্ডিয়ান ভ্যারিয়েন্ট সেটটি কিনে বাংলাদেশে ব্যবহার করলে কোন প্রবলেম হবে কি??,neutral
1760,বাগেরহাট ফকিরহাটের কৃতি সন্তান,বাগেরহাট ফকিরহাটের কৃতি সন্তান,neutral
1980,"বস,আপনার মত আমরাও তাকিয়ে শুধু দেখলাম।","বস,আপনার মত আমরাও তাকিয়ে শুধু দেখলাম।",neutral
1941,বরিশাল আর ময়মনসিংহকে এড করা হোক।,বরিশাল আর ময়মনসিংহকে এড করা হোক।,neutral
1896,ফাইনালি হি ইজ ব্যাক,ফাইনালি হি ইজ ব্যাক,neutral
1790,প্রথম দিকে উইকেট না পেলে ম‍্য‌াচ বাঁচানো কষ্টের হবে।,প্রথম দিকে উইকেট না পেলে ম‍্য‌াচ বাঁচানো কষ্টের হবে।,neutral
1759,প্রথম টেষ্টে মিস করলাম।,প্রথম টেষ্টে মিস করলাম।,neutral
1900,প্রত্যাশা বড় ব্যাটিং বিপর্যয়ে না পড়ে যায় দল,প্রত্যাশা বড় ব্যাটিং বিপর্যয়ে না পড়ে যায় দল,neutral
1763,পিচে টারন আছে। খেলা ৪ দিনে শেষ হবে।,পিচে টারন আছে। খেলা ৪ দিনে শেষ হবে।,neutral
1907,পিচ ভালো না হলে রান করা কঠিন,পিচ ভালো না হলে রান করা কঠিন,neutral
1963,"পিঙ্ক পনি একটি চমৎকার জায়গা ,এটা লজ্জাজনক যে  সুবিধাজনক জায়গায়  অকথিত সেবা","পিঙ্ক পনি একটি চমৎকার জায়গা ,এটা লজ্জাজনক যে  সুবিধাজনক জায়গায়  অকথিত সেবা",neutral
1872,নেক্সট ম্যাচ এ রাজ্জাক রে চাই অন্তত ভাল অবসরের জন্য হলেও।,নেক্সট ম্যাচ এ রাজ্জাক রে চাই অন্তত ভাল অবসরের জন্য হলেও।,neutral
1737,নিজেদের মাঠ সম্পর্কে ধারনা নাই দলের ?,নিজেদের মাঠ সম্পর্কে ধারনা নাই দলের ?,neutral
1864,ধারাবাহিকভাবে ভালো খেলাই একজন ভালো খেলোয়ারের বৈশিষ্ট্য হওয়া উচিত...,ধারাবাহিকভাবে ভালো খেলাই একজন ভালো খেলোয়ারের বৈশিষ্ট্য হওয়া উচিত...,neutral
2527,ধন্যবাদ ভাই ❤️,ধন্যবাদ ভাই,positive
1739,"দ্বিতীয়ত, এই রাতে জায়গাটি পূর্ব দিকের মহিলার সুগন্ধি দ্বারা পরিপূর্ণ ছিল।","দ্বিতীয়ত, এই রাতে জায়গাটি পূর্ব দিকের মহিলার সুগন্ধি দ্বারা পরিপূর্ণ ছিল।",neutral
1771,দুই স্পীনার‌ের ব‌েশী খ‌েলান‌ো মোট‌েও ঠ‌িক হব‌ে না। স‌েক্ষেত্র‌ে রাজ্জাক ও ম‌োসদ্দেকই যথ‌েষ্ট।,দুই স্পীনার‌ের ব‌েশী খ‌েলান‌ো মোট‌েও ঠ‌িক হব‌ে না। স‌েক্ষেত্র‌ে রাজ্জাক ও ম‌োসদ্দেকই যথ‌েষ্ট।,neutral
1951,দুই তারকা শেফ বেশ কিছু সময় আগে তাদের নিজস্ব জায়গা চলে গেছে।,দুই তারকা শেফ বেশ কিছু সময় আগে তাদের নিজস্ব জায়গা চলে গেছে।,neutral
1964,দলগুলো লাভের মুখ কিভাবে দেখে সেটা একটা বড় প্রশ্ন বটে।।,দলগুলো লাভের মুখ কিভাবে দেখে সেটা একটা বড় প্রশ্ন বটে।।,neutral
1940,দল সংখ্যা ৭ থেকে বাড়িয়ে ৯ টি করা হোক।,দল সংখ্যা ৭ থেকে বাড়িয়ে ৯ টি করা হোক।,neutral
1931,তিনটাই একই মানের।,তিনটাই একই মানের।,neutral
1738,"তারা এত দ্রুত কিনছেন যে,তারা সাহায্য করতে পারবে না।","তারা এত দ্রুত কিনছেন যে,তারা সাহায্য করতে পারবে না।",neutral
1850,"তারা এটি নিশ্চিত করব,সব অন্যান্য পর্যালোচনা পড়ুন, ।","তারা এটি নিশ্চিত করব,সব অন্যান্য পর্যালোচনা পড়ুন, ।",neutral
1780,তামিম জিতলে জিতে তার মা।,তামিম জিতলে জিতে তার মা।,neutral
1935,তাদেরকে বলো হার্কি আপনাকে পাঠিয়েছেন এবং ওয়েটারদের থেকে বিনামূল্যে বিভ্রান্তিকর  একটি চেহারা পাবেন।,তাদেরকে বলো হার্কি আপনাকে পাঠিয়েছেন এবং ওয়েটারদের থেকে বিনামূল্যে বিভ্রান্তিকর  একটি চেহারা পাবেন।,neutral
1881,তাঁকে যদি জুনিয়রদের মতো সুযোগ দেওয়া হত সে বাংলাদেশ ক্রিকেটের অন্যতম তারকা হয়ে উঠত।,তাঁকে যদি জুনিয়রদের মতো সুযোগ দেওয়া হত সে বাংলাদেশ ক্রিকেটের অন্যতম তারকা হয়ে উঠত।,neutral
1858,তাই ডিম দর্শনীয় কিন্তু সাম ছিল না।,তাই ডিম দর্শনীয় কিন্তু সাম ছিল না।,neutral
1859,তাই খাবার ছিল,তাই খাবার ছিল,neutral
1922,তবে এটি কেবল শহরে তাইওয়ানি রেস্তোরাঁ।,তবে এটি কেবল শহরে তাইওয়ানি রেস্তোরাঁ।,neutral
1764,টেস্টে সিনিয়র খেলাওয়ারে বিকল্প নেই,টেস্টে সিনিয়র খেলাওয়ারে বিকল্প নেই,neutral
1836,টি টোয়েন্টিতে আফগানরা ৯ নাম্বার আমরা ১০ নাম্বার..,টি টোয়েন্টিতে আফগানরা ৯ নাম্বার আমরা ১০ নাম্বার..,neutral
2404,টাকা থাকলে এ দেশে সব হয়,টাকা থাকলে এ দেশে সব হয়,neutral
2532,জয় বাংলা!!,জয় বাংলা!!,neutral
2381,জমিদার বংশের,জমিদার বংশের,neutral
1879,জ শ্রীলঙ্কান স্পিনার হেরাত ৪০/৪২ বছর বয়সে ক্রিকেট খেলছে!!,জ শ্রীলঙ্কান স্পিনার হেরাত ৪০/৪২ বছর বয়সে ক্রিকেট খেলছে!!,neutral
1753,চার্ট হাউসে যাই আমরা সাধারণত জন্মদিন বা বার্ষিকী উদযাপন করতে।,চার্ট হাউসে যাই আমরা সাধারণত জন্মদিন বা বার্ষিকী উদযাপন করতে।,neutral
1813,"গোপন সংবাদের ভিত্তিতে জানা গেছে যে, আব্দুর রাজ্জাক ঢাকা টেস্টে খেলছে।","গোপন সংবাদের ভিত্তিতে জানা গেছে যে, আব্দুর রাজ্জাক ঢাকা টেস্টে খেলছে।",neutral
2387,গরুটা কখন জবাই করে খেয়ে বলে কথা,গরুটা কখন জবাই করে খেয়ে বলে কথা,neutral
1923,গতকালও ইন্ডিয়া টেস্টে ১৮৭ তে অলআউট!,গতকালও ইন্ডিয়া টেস্টে ১৮৭ তে অলআউট!,neutral
1948,গত দুবছর আগে প্রমিজ করছিলাম বাংলাদেশ ও বার্সার খেলা ছাড়া কোন খেলাই দেখব না। কথা রেখেছি। সত্যিই বিনোদন পাচ্ছি ।,গত দুবছর আগে প্রমিজ করছিলাম বাংলাদেশ ও বার্সার খেলা ছাড়া কোন খেলাই দেখব না। কথা রেখেছি। সত্যিই বিনোদন পাচ্ছি ।,neutral
2064,গড় সেবা ।,গড় সেবা ।,neutral
1979,খেলার ফলাফল কি,খেলার ফলাফল কি,neutral
1851,"ক্রিকেটিয় আচরন এমন হওয়া উচিত,,,এটা ভদ্রলোকের খেলা,,,,","ক্রিকেটিয় আচরন এমন হওয়া উচিত,,,এটা ভদ্রলোকের খেলা,,,,",neutral
1960,"ক্রিকেটারদের জন্য সবচেয়ে গুরুত্বপূর্ণ, সর্বনিম্ন বেতনের সীমাও দিয়ে দিয়েছে আইপিএল কমিটি","ক্রিকেটারদের জন্য সবচেয়ে গুরুত্বপূর্ণ, সর্বনিম্ন বেতনের সীমাও দিয়ে দিয়েছে আইপিএল কমিটি",neutral
1832,ক্রিকেটবোদ্ধা পাগলটারে বেধে রাখা গেলনা সে শিকল ছিড়ে বেরিয়ে এসে সবার সামনে এসে হাজির !,ক্রিকেটবোদ্ধা পাগলটারে বেধে রাখা গেলনা সে শিকল ছিড়ে বেরিয়ে এসে সবার সামনে এসে হাজির !,neutral
1802,কোহলি ১৬০ অপরাজিত...,কোহলি ১৬০ অপরাজিত...,neutral
1743,কোন বরফ জন্য জিজ্ঞাসা লেট সঙ্গে seltzer.,কোন বরফ জন্য জিজ্ঞাসা লেট সঙ্গে seltzer.,neutral
1779,কেউ কেউ সেবা সম্পর্কে মারে এর কথা বলে ।,কেউ কেউ সেবা সম্পর্কে মারে এর কথা বলে ।,neutral
1968,কুমিল্লাকে কে তো 5 ওভারে 62 target দিয়েছে আর কুমিল্লা সেটা মানেনি,কুমিল্লাকে কে তো 5 ওভারে 62 target দিয়েছে আর কুমিল্লা সেটা মানেনি,neutral
1965,কিসের জন্য?,কিসের জন্য?,neutral
1781,কিন্তু তারা কি,কিন্তু তারা কি,neutral
1866,কিছুদিন ধরে এই রেস্টুরেন্ট দ্বারা পাস করার পর আমি অবশেষে ডিনার করতে এবং রাতের খাবারের সিদ্ধান্ত নিয়েছিলাম।,কিছুদিন ধরে এই রেস্টুরেন্ট দ্বারা পাস করার পর আমি অবশেষে ডিনার করতে এবং রাতের খাবারের সিদ্ধান্ত নিয়েছিলাম।,neutral
1767,কিছু শিশুর ইচ্ছা করে তাদের পিজা পেতে,কিছু শিশুর ইচ্ছা করে তাদের পিজা পেতে,neutral
1934,কিছু বলার নাই আমাদের টীম এর খেলা নিয়ে.আমাদের চুপ থাকাই উচিত,কিছু বলার নাই আমাদের টীম এর খেলা নিয়ে.আমাদের চুপ থাকাই উচিত,neutral
2077,"কিছু দিন আগে সাকিব যখন খেলতে পারলো না তখন সবাই তার সমালোচনা করলো।,","কিছু দিন আগে সাকিব যখন খেলতে পারলো না তখন সবাই তার সমালোচনা করলো।,",neutral
1817,"কিছু কিন্তু,  রান্না করার বাইরে দাঁড়িয়ে আছে","কিছু কিন্তু,  রান্না করার বাইরে দাঁড়িয়ে আছে",neutral
2385,কি কয়,কি কয়,neutral
1967,কালা চার্লস-ম্যাককালামের গড়া ১৫১ রানের জুটিটা টিকল মাত্র এক দিন!,কালা চার্লস-ম্যাককালামের গড়া ১৫১ রানের জুটিটা টিকল মাত্র এক দিন!,neutral
1770,কমপক্ষে ৮ জন বেট্সমেন লাগবে।,কমপক্ষে ৮ জন বেট্সমেন লাগবে।,neutral
1838,"ওহ, সম্ভবত আমি  কিছু চমৎকার বলতে হবে।","ওহ, সম্ভবত আমি  কিছু চমৎকার বলতে হবে।",neutral
1937,"এলিমিনেটর  , কোয়ালিফায়ার ২টি আর ফাইনাল-  শুধু মাত্র শেষের এই চারটি খেলা মিরপুরে ফেলা হোক ।","এলিমিনেটর  , কোয়ালিফায়ার ২টি আর ফাইনাল-  শুধু মাত্র শেষের এই চারটি খেলা মিরপুরে ফেলা হোক ।",neutral
1797,এর চেয়ে বেশি রানে জিতার রেকড আছে কি,এর চেয়ে বেশি রানে জিতার রেকড আছে কি,neutral
2016,এবং এটা কোনও কৃতিত্ব নয় ...,এবং এটা কোনও কৃতিত্ব নয় ...,neutral
1913,এত টেনশন নিয়া লাভ নাই। বাংলাদেশ বাংলাদেশের মতোই খেলবে হার জিত যাই হোক।,এত টেনশন নিয়া লাভ নাই। বাংলাদেশ বাংলাদেশের মতোই খেলবে হার জিত যাই হোক।,neutral
1961,এত টাকা বিনীয়োগের বিপরীতে প্রতিটি ফ্র্যাঞ্চাইজির আয়টা কেমন সেটাও বিস্তারিত জানালে পাঠকদের জানা হত,এত টাকা বিনীয়োগের বিপরীতে প্রতিটি ফ্র্যাঞ্চাইজির আয়টা কেমন সেটাও বিস্তারিত জানালে পাঠকদের জানা হত,neutral
1740,এটি সুনির্দিষ্টভাবে বিশেষ আফগানিস্তান।,এটি সুনির্দিষ্টভাবে বিশেষ আফগানিস্তান।,neutral
1809,"এটি এনওয়াইসি এর মাঝখানে একটি সুস্বাদু রেস্টুরেন্ট ছিল,প্রথমে আমি একটু সন্দিহান ছিলাম।","এটি এনওয়াইসি এর মাঝখানে একটি সুস্বাদু রেস্টুরেন্ট ছিল,প্রথমে আমি একটু সন্দিহান ছিলাম।",neutral
29,এটি আপনি পরিবেশন করবেন।,এটি আপনি পরিবেশন করবেন।,neutral
1877,এটা যদি আপনার ভিতরে বসতে না হয় তাহলে একই নয়।,এটা যদি আপনার ভিতরে বসতে না হয় তাহলে একই নয়।,neutral
1798,এটা এখন ব্যাটিং পিচ,এটা এখন ব্যাটিং পিচ,neutral
1983,এটা অতিক্রম করো।,এটা অতিক্রম করো।,neutral
1854,এছাড়াও নিশ্চিত করেন যে আপনি সঙ্গীতের দিকে মনোযোগ দিচ্ছেন - বেশ অদ্ভুত নির্বাচন।,এছাড়াও নিশ্চিত করেন যে আপনি সঙ্গীতের দিকে মনোযোগ দিচ্ছেন - বেশ অদ্ভুত নির্বাচন।,neutral
1950,"এখানে হাতুরর কোন যাদু করে নি, তার কথা কেন আসছে।","এখানে হাতুরর কোন যাদু করে নি, তার কথা কেন আসছে।",neutral
289,এখানে যাও.,এখানে যাও.,neutral
1925,এখানে নিখুঁত যোগফলের অংশগুলি  ব্যবহার করা হয়  আমার তুলনায় এটির বিট বড়।,এখানে নিখুঁত যোগফলের অংশগুলি  ব্যবহার করা হয়  আমার তুলনায় এটির বিট বড়।,neutral
1861,এখানে আপনি এটা করতে পারেন।,এখানে আপনি এটা করতে পারেন।,neutral
1745,একা যান না - টুকরা এবং খাবার এবং সিফুসের একটি নির্বাচন এমনকি দুইজন মানুষ সম্পূর্ণ অভিজ্ঞতার জন্য যথেষ্ট নয়।,একা যান না - টুকরা এবং খাবার এবং সিফুসের একটি নির্বাচন এমনকি দুইজন মানুষ সম্পূর্ণ অভিজ্ঞতার জন্য যথেষ্ট নয়।,neutral
1929,একটি সন্ধ্যায় একটি শোতে যোগদান আগে  আমার বোনকে নিয়ে আসি,একটি সন্ধ্যায় একটি শোতে যোগদান আগে  আমার বোনকে নিয়ে আসি,neutral
2521,"একটা ফোন কিনবো, কি ফোন ভাল হবে , ২০ থেকে ২৫ মধ্যে?","একটা ফোন কিনবো, কি ফোন ভাল হবে , ২০ থেকে ২৫ মধ্যে?",neutral
1898,"এই পিচে বাংলাদেশকে ৪র্থ ইনিংসে ব্যাট করতে হবে,যেখানে ১৫০ রানের বেশি টার্গেট চেজ করা কঠিন হবে।","এই পিচে বাংলাদেশকে ৪র্থ ইনিংসে ব্যাট করতে হবে,যেখানে ১৫০ রানের বেশি টার্গেট চেজ করা কঠিন হবে।",neutral
1793,এই  দামে ভবনের ভাল ছাদ  জল ক্লাবের জন্য জলের চেষ্টা করবে,এই  দামে ভবনের ভাল ছাদ  জল ক্লাবের জন্য জলের চেষ্টা করবে,neutral
1744,ইমরুল খারাপ ফর্মে থাকা অবস্থায় তাকে নেওয়া হয়তেছে অথচ শাহরিয়ার নাফিসকে সুযোগ দেওয়া হয়তেছে না।, অথচ ,neutral
1893,আশরাফুল কবে ফিরবে ।,আশরাফুল কবে ফিরবে ।,neutral
2537,আলহামদুলিল্লাহ উতখেপন হয়ে গেসে তাহলে,আলহামদুলিল্লাহ উতখেপন হয়ে গেসে তাহলে,neutral
1805,"আরে ভাই,যাকে নেওয়া হয়েছে হয়েছেই। সবারই প্রতিভা আছে","আরে ভাই,যাকে নেওয়া হয়েছে হয়েছেই। সবারই প্রতিভা আছে",neutral
1880,আমি স্পন্দন দ্বারা পাস করেছি অনেক সময় বা সবসময় যেতে চাই।,আমি স্পন্দন দ্বারা পাস করেছি অনেক সময় বা সবসময় যেতে চাই।,neutral
1873,আমি সাধারণত ভারতীয় দের সাথে ওয়াইন না যাতে আমি তাদের ওয়াইন তালিকা বা তাদের ওয়াইন মন্তব্য করতে পারবেন না।,আমি সাধারণত ভারতীয় দের সাথে ওয়াইন না যাতে আমি তাদের ওয়াইন তালিকা বা তাদের ওয়াইন মন্তব্য করতে পারবেন না।,neutral
1863,আমি শুধু Mocaramel এর পর্যালোচনা পড়া এবং সাড়া প্রতিক্রিয়া অনুভূত করি।,আমি শুধু Mocaramel এর পর্যালোচনা পড়া এবং সাড়া প্রতিক্রিয়া অনুভূত করি।,neutral
2017,আমি প্রায়ই আমার পরিবারের সাথে সেখানে খেতে যাই,আমি প্রায়ই আমার পরিবারের সাথে সেখানে খেতে যাই,neutral
1755,"আমি দুই সেকেন্ডের এলএ থেকে শহরে দুই বন্ধু সঙ্গে ছিল যখন আমি এই দ্বিতীয় তলায় ওয়াচ আপ উপর হোঁচট খেয়েছি, সুশীল লোকেদের গুরুতর হচ্ছে, আমরা অ্যাকশন কাছাকাছি হতে সুশি বার এ বসে ছিল।","আমি দুই সেকেন্ডের এলএ থেকে শহরে দুই বন্ধু সঙ্গে ছিল যখন আমি এই দ্বিতীয় তলায় ওয়াচ আপ উপর হোঁচট খেয়েছি, সুশীল লোকেদের গুরুতর হচ্ছে, আমরা অ্যাকশন কাছাকাছি হতে সুশি বার এ বসে ছিল।",neutral
1870,আমি তিনবার মালামাল এনেছি - দুপুরের খাবারে দুবার এবং একবার ডিনারে।,আমি তিনবার মালামাল এনেছি - দুপুরের খাবারে দুবার এবং একবার ডিনারে।,neutral
1776,আমি জানি যে আমি কাছাকাছি বাস করছি।,আমি জানি যে আমি কাছাকাছি বাস করছি।,neutral
1867,আমি চু চু কারিকে আদেশ দিয়েছিলাম এবং আমার বন্ধু প্যাড থাই মুরগির অর্ডার দিল।,আমি চু চু কারিকে আদেশ দিয়েছিলাম এবং আমার বন্ধু প্যাড থাই মুরগির অর্ডার দিল।,neutral
1741,আমি খুব শীঘ্রই ফিরে যাচ্ছি।,আমি খুব শীঘ্রই ফিরে যাচ্ছি।,neutral
1892,"আমি ক্যাফ সেন্ট বার্ট এর জন্য মাথা দিলাম,যখন আমি আমার অফিসের কাছাকাছি শব্দ এবং জনাকীর্ণ চাপ অনুভব করছি, ।","আমি ক্যাফ সেন্ট বার্ট এর জন্য মাথা দিলাম,যখন আমি আমার অফিসের কাছাকাছি শব্দ এবং জনাকীর্ণ চাপ অনুভব করছি, ।",neutral
1901,আমি কুরি সারিতে প্রতিটি রেস্টুরেন্ট আক্ষরিক চেষ্টা করেছি,আমি কুরি সারিতে প্রতিটি রেস্টুরেন্ট আক্ষরিক চেষ্টা করেছি,neutral
1823,"আমি এভাবে খাবার খাইয়েছিলাম আমার বন্ধুরা কয়েক মাস ধরে এ বিষয়ে এত কথা বলেছিলো, আমি অবশেষে কান খোলা করে শুনছিলাম।","আমি এভাবে খাবার খাইয়েছিলাম আমার বন্ধুরা কয়েক মাস ধরে এ বিষয়ে এত কথা বলেছিলো, আমি অবশেষে কান খোলা করে শুনছিলাম।",neutral
1824,"আমি এডামমে পুরির সাথে যে পরিমাণে মজা নিতাম,সেটি ছিল তাদের গ্রিল চিকেন।","আমি এডামমে পুরির সাথে যে পরিমাণে মজা নিতাম,সেটি ছিল তাদের গ্রিল চিকেন।",neutral
1955,আমি এটাকে একটি 'ইতালিয়ান রাতের খাবার বলতে পারি ।,আমি এটাকে একটি 'ইতালিয়ান রাতের খাবার বলতে পারি ।,neutral
1828,আমি একটি 8:00 রিজার্ভেশন জন্য আমার প্রেমিকার সঙ্গে Del Frisco এর শুক্রবার রাতে গিয়েছিলাম।,আমি একটি 8:00 রিজার্ভেশন জন্য আমার প্রেমিকার সঙ্গে Del Frisco এর শুক্রবার রাতে গিয়েছিলাম।,neutral
1814,আমি এইটা ছোট রাখবো।,আমি এইটা ছোট রাখবো।,neutral
1909,"আমি এই রেস্তোরাঁয় গিয়েছিলাম, একটি মহিলার সম্প্রতি পূরণ করেছি।",আমি এই রেস্তোরাঁয় গিয়েছিলাম,neutral
1853,আমি এই রেস্টুরেন্টে দুইবার গিয়েছি।, দুইবার গিয়েছি।,neutral
1791,"আমি এই জায়গায় জন্য খুব উচ্চ প্রত্যাশা ছিলাম,একটি বিশেষ অনুষ্ঠানের জন্য আগাম কয়েক মাসের জন্য কটি রিজার্ভেশন করা ছিল।","আমি এই জায়গায় জন্য খুব উচ্চ প্রত্যাশা ছিলাম,একটি বিশেষ অনুষ্ঠানের জন্য আগাম কয়েক মাসের জন্য কটি রিজার্ভেশন করা ছিল।",neutral
1915,আমি আশ্চর্য হয়েছি যে এই জায়গাটি থেকে এখনো আমরা বেরিয়ে যচ্ছি না।,আমি আশ্চর্য হয়েছি যে এই জায়গাটি থেকে এখনো আমরা বেরিয়ে যচ্ছি না।,neutral
1953,আমি আগে কখনও তুলনামূলকভাবে ভাল নিগিরির  এর 40 টুকরা খাইনি,আমি আগে কখনও তুলনামূলকভাবে ভাল নিগিরির  এর 40 টুকরা খাইনি,neutral
1736,আমি অবশ্যই মরিয়মের সুপারিশ করব এবং এটি আমার নিয়মিত প্রতিবেশী হান্টগুলির মধ্যে একটি।,আমি অবশ্যই মরিয়মের সুপারিশ করব এবং এটি আমার নিয়মিত প্রতিবেশী হান্টগুলির মধ্যে একটি।,neutral
2009,আমি অন্য অবস্থানে নেই।,আমি অন্য অবস্থানে নেই।,neutral
1795,আমি অনেক ভারতীয়  রেস্টুরেন্টে খাবার খয়েছি।,আমি অনেক ভারতীয়  রেস্টুরেন্টে খাবার খয়েছি।,neutral
1822,আমার বান্ধবী আমাকে রাতের অন্ধকারে দ্রুত ডাইনিতে যেতে রাজি করলো।,আমার বান্ধবী আমাকে রাতের অন্ধকারে দ্রুত ডাইনিতে যেতে রাজি করলো।,neutral
1902,আমার ফাইলট মাইনন এর সঙ্গে রসুন মেশ ছিলো।,আমার ফাইলট মাইনন এর সঙ্গে রসুন মেশ ছিলো।,neutral
1906,আমার প্রথম সাক্ষাত্কার একটি বন্ধু সঙ্গে শুক্রবার সন্ধ্যায় ঘটেছে।,আমার প্রথম সাক্ষাত্কার একটি বন্ধু সঙ্গে শুক্রবার সন্ধ্যায় ঘটেছে।,neutral
1956,আমার প্রথম 12 মাস বার্ষিকীতে  আমার GF সঙ্গে ছিল।,আমার প্রথম 12 মাস বার্ষিকীতে  আমার GF সঙ্গে ছিল।,neutral
1891,আমার প্রতিবেশী স্পট আসতে হয়েছে এই বছর জন্য,আমার প্রতিবেশী স্পট আসতে হয়েছে এই বছর জন্য,neutral
1747,"আমার পরামর্শ আপনি পরিবারের স্টাইলে খান, কারণ আপনি অন্যান্য খাবার খাওয়ার চেষ্টা করেন।","আমার পরামর্শ আপনি পরিবারের স্টাইলে খান, কারণ আপনি অন্যান্য খাবার খাওয়ার চেষ্টা করেন।",neutral
1784,আমার তারিখে আমি সামান্য  কিছু  জলখাবার নিয়ে বিকালে গিয়েছিলাম।,আমার তারিখে আমি সামান্য  কিছু  জলখাবার নিয়ে বিকালে গিয়েছিলাম।,neutral
1884,"আমার একটি বন্ধুর অত্যন্ত সুপারিশ ছিল,আমি আমাদের বার্ষিকী জন্য আমার প্রেমিক সঙ্গে সেখানে গিয়েছিলাম।","আমার একটি বন্ধুর অত্যন্ত সুপারিশ ছিল,আমি আমাদের বার্ষিকী জন্য আমার প্রেমিক সঙ্গে সেখানে গিয়েছিলাম।",neutral
1949,আমাদের সম্ভবত ক্রিজের উর্বরতার দিকে না তাকিয়ে আগে খেলোয়াড়দের মস্তিষ্কের উর্বরতার দিকে নজর দেওয়া উচিত ।,আমাদের সম্ভবত ক্রিজের উর্বরতার দিকে না তাকিয়ে আগে খেলোয়াড়দের মস্তিষ্কের উর্বরতার দিকে নজর দেওয়া উচিত ।,neutral
2379,আমাদের শহর,আমাদের শহর,neutral
1914,আমাদের বলা হয়েছিল যে অপেক্ষাটি প্রায় বিশ মিনিট এবং আমাদের 8:00 টা পর্দার পর কল করার জন্য কোন সমস্যা হবে না।,আমাদের বলা হয়েছিল যে অপেক্ষাটি প্রায় বিশ মিনিট এবং আমাদের 8:00 টা পর্দার পর কল করার জন্য কোন সমস্যা হবে না।,neutral
1826,আমরাও হাতুড়ের মন্তব্যের ধার ধারি না।,আমরাও হাতুড়ের মন্তব্যের।,neutral
1812,আমরা মাসে অন্তত একবার পরিদর্শন করি।,আমরা মাসে অন্তত একবার পরিদর্শন করি।,neutral
1895,"আমরা মার্চ, 2006 এ এখানে খেয়েছি এবং ওয়াইন ফ্লাইট সঙ্গে প্রাক থিয়েটার 3-কোর্স ডিনারের আদেশ নিয়েছি ।","আমরা মার্চ, 2006 এ এখানে খেয়েছি এবং ওয়াইন ফ্লাইট সঙ্গে প্রাক থিয়েটার 3-কোর্স ডিনারের আদেশ নিয়েছি ।",neutral
1788,আমরা না!,আমরা না!,neutral
1889,"আমরা খুব তাড়াতাড়ি আসি নাই,আমরা চলে যাবার সময়, দরজা দিয়ে দাঁড়িয়ে থাকা দম্পতি অন্য ওয়েটারকে বললাম ।","আমরা চলে যাবার সময়, দরজা দিয়ে দাঁড়িয়ে থাকা দম্পতি অন্য ওয়েটারকে বললাম ।",neutral
1773,আমরা একটি লাইন এই লাইন একটি বিশেষ সংস্থার জন্য অপেক্ষা গঠিত হয়েছিল লক্ষ্য যে সবচেয়ে ভাল ডিলার,আমরা একটি লাইন এই লাইন একটি বিশেষ সংস্থার জন্য অপেক্ষা গঠিত হয়েছিল লক্ষ্য যে সবচেয়ে ভাল ডিলার,neutral
1920,আমরা এই সন্ধ্যায় প্রলুব্ধ চিন্তায় কি এক মত হব,আমরা এই সন্ধ্যায় প্রলুব্ধ চিন্তায় কি এক মত হব,neutral
2534,আমরা আরো একদাপ এগিয়ে গেলাম,আমরা আরো একদাপ এগিয়ে গেলাম,neutral
1904,আমরা আমাদের বাড়িতে ফিরে এটি অধিকাংশ পেয়েছিলাম।,আমরা আমাদের বাড়িতে ফিরে এটি অধিকাংশ পেয়েছিলাম।,neutral
1844,আফিফের আগমনে আমরা আনন্দিত এবং গর্বিত।,আফিফের আগমনে আমরা আনন্দিত এবং গর্বিত।,neutral
1846,আফিফ একদিন বড় ক্রিকেটার হবে,আফিফ একদিন বড় ক্রিকেটার হবে,neutral
1847,আফিফ আফিফই। আফিফ কেন সাকিব হবে?,আফিফ আফিফই। আফিফ কেন সাকিব হবে?,neutral
1835,আফগানিস্তান যথেষ্ট ভালো দল,আফগানিস্তান যথেষ্ট ভালো দল,neutral
1829,"আপনি যদি সাকুগুরা পছন্দ করেন তবে আপনি মনে করেন এটা খুব বেশি, আপনি ভালোভাবে ইয়োকোকো চেষ্টা করবেন।","আপনি যদি সাকুগুরা পছন্দ করেন তবে আপনি মনে করেন এটা খুব বেশি, আপনি ভালোভাবে ইয়োকোকো চেষ্টা করবেন।",neutral
1885,"আপনি ভালো পার্শ্ববর্তী রেস্টুরেন্টে  পান করেছি যা তার চেয়ে ভালো কিছু নয়,কিন্তু খাদ্যটি  o.k.","আপনি ভালো পার্শ্ববর্তী রেস্টুরেন্টে  পান করেছি যা তার চেয়ে ভালো কিছু নয়,কিন্তু খাদ্যটি  o.k.",neutral
2541,আপনি কি সাটেলাইট সাইন্স নিয়ে পাস?,আপনি কি সাটেলাইট সাইন্স নিয়ে পাস?,neutral
1905,আগে সেখানে 7pm  পান,আগে সেখানে 7pm  পান,neutral
1810,"আগামীকালের খেলায় রাজ্জাক যদি একাদশে চান্স পায়, আমি বলবো রাজ্জাকের জন্য একটা বিরাট সুযোগ","আগামীকালের খেলায় রাজ্জাক যদি একাদশে চান্স পায়, আমি বলবো রাজ্জাকের জন্য একটা বিরাট সুযোগ",neutral
1966,আগামী বিপিএল থেকে যে দলে গেইল থাকবে সেই দলের স্কোয়াড ৯ জনের করা উচিৎ ।,আগামী বিপিএল থেকে যে দলে গেইল থাকবে সেই দলের স্কোয়াড ৯ জনের করা উচিৎ ।,neutral
1959,আইপিএলে অনেক বেশি টাকায় যে প্লেয়াররা খেলে এই প্লেয়াররাই তো অনেক কম টাকায় বিপিএলে খেলে।,আইপিএলে অনেক বেশি টাকায় যে প্লেয়াররা খেলে এই প্লেয়াররাই তো অনেক কম টাকায় বিপিএলে খেলে।,neutral
1801,অামাকে কেউ বিরাট কোহলি দাও অামি তোমাদের সেঞ্চুরি দেবো।,অামাকে কেউ বিরাট কোহলি দাও অামি তোমাদের সেঞ্চুরি দেবো।,neutral
1804,"অমুক ভাল, তমুক বাদ যাবে...গবেষনার শেষ নাই দর্শকের","অমুক ভাল, তমুক বাদ যাবে...গবেষনার শেষ নাই দর্শকের",neutral
1874,অভিনন্দন লিটন দাশ এবং লিটল মাষ্টার এবং টাইগার বাহিনী,অভিনন্দন লিটন দাশ এবং লিটল মাষ্টার এবং টাইগার বাহিনী,neutral
1888,অভিজ্ঞদের মূল্য বোঝা উচিত।।,অভিজ্ঞদের মূল্য বোঝা উচিত।।,neutral
1761,অবহেলার জবাব এর থেকে আর কি হতে পারে!!,অবহেলার জবাব এর থেকে আর কি হতে পারে!!,neutral
1875,অবস্থান এবং পরিবেশটি ঠিক আছে কিন্তু খাদ্যটি এটির জন্য তৈরি হয়।,অবস্থান এবং পরিবেশটি ঠিক আছে কিন্তু খাদ্যটি এটির জন্য তৈরি হয়।,neutral
1921,অফিসের দুপুরের খাবার জন্য সেখানে গিয়েছিলাম।,অফিসের দুপুরের খাবার জন্য সেখানে গিয়েছিলাম।,neutral
1908,অন্যান্য মানুষ অপেক্ষা করছে!,অন্যান্য মানুষ অপেক্ষা করছে!,neutral
1939,অন্যান্য ক্ষুধা উদ্রেককর বস্তু এবং খাদ্য,অন্যান্য ক্ষুধা উদ্রেককর বস্তু এবং খাদ্য,neutral
2533,Rzaman really nice plase Rzaman এতে তোমার সমস্যা কি ভাই,Rzaman really nice plase Rzaman এতে তোমার সমস্যা কি ভাই,neutral
1917,"NY মধ্যে ক্রমবর্ধমান আমি bagels, আমার ভাগ খাওয়া হয়েছে,","NY মধ্যে ক্রমবর্ধমান আমি bagels, আমার ভাগ খাওয়া হয়েছে,",neutral
2526,New r use phone বুঝার উপায় কি,New r use phone বুঝার উপায় কি,neutral
2536,Mokbul Kuwait ভাই এইটার মধ্যে কি শেখ হাসিনা আছে না কি?,Mokbul Kuwait ভাই এইটার মধ্যে কি শেখ হাসিনা আছে না কি?,neutral
1842,"FL ডেভিড, ডেটোনা বিচ,","FL ডেভিড, ডেটোনা বিচ,",neutral
2528,Dual Camera ২০১৬ সালের trend ছিল না।,Dual Camera ২০১৬ সালের trend ছিল না।,neutral
2535,bd ঈ তো ৫৭ তম!,bd ঈ তো ৫৭ তম!,neutral
1868,"৯৪ রান করে লিটন যখন প্যাভেলিয়নের পথে হাঁটছে,মাত্র ৬ টা রানের জন্য ১ম সেঞ্চুরি মিস","৯৪ রান করে লিটন যখন প্যাভেলিয়নের পথে হাঁটছে,মাত্র ৬ টা রানের জন্য ১ম সেঞ্চুরি মিস",neutral
1769,"৭জন বেটিং ছাড়া কোন ভাবেই ঠিক হবেনা কারন শ্রীলংকা উপমহাদেশের বাইরের দল না,শ্রীলংকান কন্ডিশন অার বাংলাদেশেরর কন্ডিশন প্রায় একি।","৭জন বেটিং ছাড়া কোন ভাবেই ঠিক হবেনা কারন শ্রীলংকা উপমহাদেশের বাইরের দল না,শ্রীলংকান কন্ডিশন অার বাংলাদেশেরর কন্ডিশন প্রায় একি।",neutral
1878,"৪বছর অপেক্ষার পর যেহেতু জাতীয় দলে খেলার সুযোগ হয়েছে, আশা করি রাজ্জাক সুযোগ কাজে লাগিয়ে তার জায়গা ধরে রাখবে।","৪বছর অপেক্ষার পর যেহেতু জাতীয় দলে খেলার সুযোগ হয়েছে, আশা করি রাজ্জাক সুযোগ কাজে লাগিয়ে তার জায়গা ধরে রাখবে।",neutral
1899,২ম ইনিংসে পিচের রাফ জায়গা ও ফাটল গুলো বড়ো হবে বাংলাদেশের উচিত ২০০-২৩০ এর মধ্যে আটকে রাখা,২ম ইনিংসে পিচের রাফ জায়গা ও ফাটল গুলো বড়ো হবে বাংলাদেশের উচিত ২০০-২৩০ এর মধ্যে আটকে রাখা,neutral
1789,(লা রোজা মেক্সিকান রেস্টুরেন্ট Pacifico যাও একটি ঝুলন দরজা দ্বারা সংযুক্ত করা হয়)।,(লা রোজা মেক্সিকান রেস্টুরেন্ট Pacifico যাও একটি ঝুলন দরজা দ্বারা সংযুক্ত করা হয়)।,neutral
1794,"(আমার ক্ষেত্রে,বা বোন, !)।","(আমার ক্ষেত্রে,বা বোন, !)।",neutral
1860,"‘মুমিনুল মানুষ ছোট, কাজ করে বড়’","‘মুমিনুল মানুষ ছোট, কাজ করে বড়’",neutral
1811,।মোসাদ্দেক সাব্বিরের থেকে অনেক ভাল ব্যাটসম্যান।,মোসাদ্দেক সাব্বিরের থেকে অনেক ভাল ব্যাটসম্যান।,neutral
1766,।কিন্তু এখানে টিম বাংলাদেশ বলে কথা।তাই তিনি কতটা এই অধিনায়কত্বের ভার বহন করতে পারেন সেটা দেখার অপেক্ষায় আমরা।,কিন্তু এখানে টিম বাংলাদেশ বলে কথা।তাই তিনি কতটা এই অধিনায়কত্বের ভার বহন করতে পারেন সেটা দেখার অপেক্ষায় আমরা।,neutral
1827,- ইট ক্লাব এনওয়াইসি গ্লুটোনস এর একটি রওয়ের গ্রুপ,- ইট ক্লাব এনওয়াইসি গ্লুটোনস এর একটি রওয়ের গ্রুপ,neutral
2250,"ঠিক বলেছেন, জাকির ভাই","ঠিক বলেছেন, জাকির ভাই",neutral
2251,passport & visa লাগবে???,passport & visa লাগবে???,neutral
2252,দেখা যাক কি হয়,দেখা যাক কি হয়,neutral
2253,কয় এই পেশাতে আছে ভাই,কয় এই পেশাতে আছে ভাই,neutral
2254,কি করবে ভাই প্রসাশন কিছু না করলে।,কি করবে ভাই প্রসাশন কিছু না করলে।,neutral
2255,অামরা অছি তো এই গুলা কেনার দরকার কিসের,অমরা অছি তো এই গুলা কেনার দরকার কিসের,neutral
2256,হনু ননউউ,হনু ননউউ,neutral
2257,হজ,হজ,neutral
2259,দাম কত ?,দাম কত ?,neutral
2260,মরনের টিকেট কিনে নিজের হাতে মৃত্যু ডেকে আনে ওরা কিন্তু ওরা নিজেরাই জানেনা কতটা ভয়াবহ রুপ নিবে এই সকল পন্য,মরনের টিকেট কিনে নিজের হাতে মৃত্যু ডেকে আনে ওরা কিন্তু ওরা নিজেরাই জানেনা কতটা ভয়াবহ রুপ নিবে এই সকল পন্য,neutral
2261,এগুলো তুলে ধরেন ভালো কতা কিন্তু প্রতি রোধ করেন না কেনো?,এগুলো তুলে ধরেন ভালো কতা কিন্তু প্রতি রোধ করেন না কেনো?,neutral
2262,আমি কুয়েত থেকে দেখছি 0096599407975,আমি কুয়েত থেকে দেখছি 0096599407975,neutral
2263,ashik alfaz ভাই এরশাদের আমলে ছিলো,ashik alfaz ভাই এরশাদের আমলে ছিলো,neutral
2264,এটা কোন ব্যপার হলো ভাই,এটা কোন ব্যপার হলো ভাই,neutral
2265,দেখতেছি পরে মন্তব্য করব,দেখতেছি পরে মন্তব্য করব,neutral
2266,অসাধারন একটা নাটক??,অসাধারন একটা নাটক??,neutral
2267,অদ্ভুত ছেলেটি,অদ্ভুত ছেলেটি,neutral
2268,"বৈশাখী ঝামাটা যহন দেখ তাম আমি পাগল হয়ে জেতাম,,, পাগলিরে আজও বোলতে পারেনি তককে","বৈশাখী ঝামাটা যহন দেখ তাম আমি পাগল হয়ে জেতাম,,, পাগলিরে আজও বোলতে পারেনি তককে",neutral
2269,যারা dislike দিছে ওরা সম্ভবত পর্ণমুভি খুজতে,যারা dislike দিছে ওরা সম্ভবত পর্ণমুভি খুজতে,neutral
2270,মনে থাকবে কোনো এক বৈশাখের কথা,মনে থাকবে কোনো এক বৈশাখের কথা,neutral
2271,এটা কি হলো আমাদের ব্যবসায় শিক্ষা ছাত্র ও ছাত্রীদের কি প্রেম হব্বে,এটা কি হলো আমাদের ব্যবসায় শিক্ষা ছাত্র ও ছাত্রীদের কি প্রেম হব্বে,neutral
2603,হেরাথ বোলিং এর আগেই ৪ উইকেট নাই!! ফেব্রুয়ারি মাস লিটন এর মাস দেখা যাক কি হয়,হেরাথ বোলিং এর আগেই ৪ উইকেট নাই,negative
2638,হেরাথ বল করলে বুঝা যাবে,হেরাথ বল করলে বুঝা যাবে,negative
5116,হাসিনারে ধইরা গন জুতা পিটা করলে বাহির হইয়া যাইবো যে বাকি টাকা কই,হাসিনারে ধইরা গন জুতা পিটা ,negative
2684,হালার পোলারা শুধু বাংলাদেশের সাথেই পারবো,হালার পোলারা ,negative
4990,এই হালা পাগল,হালা পাগল,negative
2758,হারার জন্য রেডি হ,হারার ,negative
2609,হাথুরু কে রানিং বিটউইন দ্যা উইকেটের শিক্ষা দিল মুমিনুল,হাথুরু কে রানিং বিটউইন দ্যা উইকেটের শিক্ষা দিল মুমিনুল,negative
2728,হাতুরে সিংকে এই প্রথম হাতুড়ি পেটা করা হলো,হাতুরে সিংকে এই প্রথম হাতুড়ি পেটা করা হলো,negative
2729,হাতুরুকে হাতুড়ী পেটা শেষ।,হাতুরুকে হাতুড়ী পেটা শেষ।,negative
2730,হাতুরি নিজের ভাগ্যটা কি বাংলাদেশেই রেখে গেল?,হাতুরি নিজের ভাগ্যটা কি বাংলাদেশেই রেখে গেল?,negative
5135,"স্যাটেলাইট দিয়ে দেশের কিছু না হোক, কিছু লোকের তো কোটি কোটি টাকা খাওয়ার রাস্তা হল ।",স্যাটেলাইট দিয়ে দেশের কিছু না হোক,negative
2591,এটি খুব বেশি চিত্তাকর্ষক এবং খুব সুস্বাদু নয়।,সুস্বাদু নয়,negative
2766,চট্রগ্রাম টেষ্টে ব্যাটিং পিচে দেশের কোন বোলার সুবিধা করতে পারেনি,সুবিধা করতে পারেনি,negative
2597,নিজের মাটিতে সালারা এটা খেলা,সালারা এটা খেলা,negative
2770,সাব্বির রহমান কি বাদ পড়ার পরে কি ভাল খেলেছে?,সাব্বির রহমান কি বাদ পড়ার পরে কি ভাল খেলেছে?,negative
2773,সাব্বির বাজে। মোসাদ্দেক কে নেয়া উচিৎ,সাব্বির বাজে। মোসাদ্দেক কে নেয়া উচিৎ,negative
2789,সাব্বাির কেন বার বার!এনামুল কে ২ টা সুজুক দিয়ে কি চিনে গেসে।,সাব্বাির কেন বার বার!এনামুল কে ২ টা সুজুক দিয়ে কি চিনে গেসে।,negative
2768,সানজামুল কে বাদ দেওয়া হলো দল থেকে।,বাদ দেওয়া হলো দল থেকে।,negative
2751,"সাকিব-তামিমের জুটির রান বাদ দিলে,স্কোরটা কত হয়,অংকটা হিসাব করে নিয়েন।","সাকিব-তামিমের জুটির রান বাদ দিলে,স্কোরটা কত হয়,অংকটা হিসাব করে নিয়েন।",negative
4991,পাগল তোকে টিউলিপ জুতা টানতে ও রাখেনা বেয়াদব তুই কিসের সা;বাদিক তুই তো মিরপুর আকাম করতেগিয়ে দোউরে পালাইছিলি তোর মত বন্ড বিএনপি জামাতে আরও দরকার তোর খুনি জিয়াকে জাতির পিতা চাকরি দিয়েছে বেতন দিয়েছে জিয়া জাতির পিতাকে ছেলুট দিয়েছে,সংশোধন,negative
5123,"সরকারের কি হবে,হবেতো বাংলার খেটে খাওয়া মানুষের।","সরকারের কি হবে,হবেতো বাংলার খেটে খাওয়া মানুষের।",negative
2696,সংবাদ সমল্মেনে এসে জাতীয় বীর ম্যাশের সহজ কথা- আমরা খেলেছি বোলিং পিচে কিন্তু তারা খেলেছে ব্যাটিং পিচে।,সংবাদ সমল্মেনে এসে জাতীয় বীর ম্যাশের সহজ কথা- আমরা খেলেছি বোলিং পিচে কিন্তু তারা খেলেছে ব্যাটিং পিচে।,negative
2634,"এই রেস্টুরেন্ট সম্পর্কে অন্য সবকিছু পিট হয়,দুর্ভাগ্যবশত, খাদ্য অসামান্য।","সবকিছু পিট হয়,দুর্ভাগ্যবশত, খাদ্য অসামান্য",negative
2744,সব সময় দলের প্রতি ভালোবাসা থাকে কিন্তু দলের পরিচালকদের কারণে মাঝে মাঝে সেটা কমে যায়।,সব সময় দলের প্রতি ভালোবাসা থাকে কিন্তু দলের পরিচালকদের কারণে মাঝে মাঝে সেটা কমে যায়।,negative
5107,"ভাই, সব শেষ।",সব শেষ,negative
5134,সব ফাইজলামি ভাই,সব ফাইজলামি ভাই,negative
2670,সব জানা হয়ে গেছে কি হবে।,সব জানা হয়ে গেছে কি হবে।,negative
5142,শালার পুতরে লজ্জা দিয়ে পয়দা করেনাই।,শালার পুতরে লজ্জা দিয়ে পয়দা করেনাই,negative
2732,"লাউফাউ করে জিম্বাবুয়েকে,","লাউফাউ করে জিম্বাবুয়েকে,",negative
2725,"রাস্তায় মাথা তাদের সাক বার বার হবে,যদি আপনি Haru এর মহান খাদ্য চান, বিশেষ করে হাউস রোল জন্য ক্ষুধা করছেন, কিন্তু অপেক্ষা বিল্ডিং outisde দাঁড়ানো যাবে না,","রাস্তায় মাথা তাদের সাক বার বার হবে,যদি আপনি Haru এর মহান খাদ্য চান, বিশেষ করে হাউস রোল জন্য ক্ষুধা করছেন, কিন্তু অপেক্ষা বিল্ডিং outisde দাঁড়ানো যাবে না,",negative
2625,রাজ্জাকের এমন পারফর্মেন্স দেখে কি এখন বিসিবির লজ্জাবোধ হয়না?,রাজ্জাকের এমন পারফর্মেন্স দেখে কি এখন বিসিবির লজ্জাবোধ হয়না,negative
2627,রাজ্জাক রাজ্জাকের মতোই ফিরে আসছে।,রাজ্জাক রাজ্জাকের মতোই ফিরে আসছে।,negative
2621,"রাজ্জাক বুড়া হয়েগেছে খেলা পারেনা,তাহলে আজ কিভাবে কি করলো।",রাজ্জাক বুড়া হয়েগেছে খেলা পারেনা,negative
2779,"রাজ্জাক ঠিক আছে, তবে সাব্বিরকে না নিয়ে মোসাদদেকই বেস্ট চয়েজ হওয়া উচিত ছিল।","রাজ্জাক ঠিক আছে, তবে সাব্বিরকে না নিয়ে মোসাদদেকই বেস্ট চয়েজ হওয়া উচিত ছিল।",negative
2771,রাজ্জাক কে একাদশে রাখবে না কারন ওদের ভয় আছে বুড়ো হাড়ে ভেল্কি দেখিয়ে দিলে ওরা,একাদশে রাখবে না কারন ওদের ভয় আছে বুড়ো হাড়ে ভেল্কি দেখিয়ে দিলে ওরা,negative
5157,কথায় কথায় রাজাকারের বাচ্ছা বলে গালি দেয়। যাই কিছু করে জামাত শিবিরের দোষ। এটা সরকারের কি ধরনের আচরন?,রাজাকারের বাচ্ছা বলে গালি দেয়।,negative
4815,রাজাকার।,রাজাকার,negative
2762,"রংগনা হেরাত একাই শেষ করে ফেলবে স্পিন করলে, পারলে পেইস করো...","রংগনা হেরাত একাই শেষ করে ফেলবে স্পিন করলে, পারলে পেইস করো...",negative
5141,আপনারা নোবেল পাওয়ার যোগত্য রাখেন না।,যোগত্য রাখেন না,negative
2774,যেহেতু সাকিব নাই তাই রাজ্জাককে নেওয়া বুদ্ধিমানের কাজ হবে।,যেহেতু সাকিব নাই তাই রাজ্জাককে নেওয়া বুদ্ধিমানের কাজ হবে।,negative
2646,ভাল খবর।কিন্তু পরে অাবার যেন হেরাথে দিশেহারা না হয় বাঘেরা!!!,যেন হেরাথে দিশেহারা না হয় ,negative
2602,এটির মান একটি যুগ্ম মান নয়।,যুগ্ম মান নয়।,negative
2748,যান না সেখানে,যান না সেখানে,negative
2769,"যদিও, সার্ভার রাজস্ব ড্রাইভিং প্রশিক্ষণ বলে মনে হয় যে সত্য,তবুও সবচেয়ে বিরক্তিকর জিনিস।","যদিও, সার্ভার রাজস্ব ড্রাইভিং প্রশিক্ষণ বলে মনে হয় যে সত্য,তবুও সবচেয়ে বিরক্তিকর জিনিস।",negative
2607,"যদিও সেবাটি দরিদ্র,মূল্য যুক্তিসংগত ।","যদিও সেবাটি দরিদ্র,মূল্য যুক্তিসংগত ।",negative
2735,"ম্যাচের আগে বলেছিল, এক চুল ছাড়ও দেওয়া হবে না!","ম্যাচের আগে বলেছিল, এক চুল ছাড়ও দেওয়া হবে না!",negative
2783,মোসাদ্দেকের জায়গায় সাব্বির কিভাবে চান্স পায়।,মোসাদ্দেকের জায়গায় সাব্বির কিভাবে চান্স পায়।,negative
2786,মোসাদ্দেক সাব্বির থেকে ১ হজার গুন ভাল অপশন।,মোসাদ্দেক সাব্বির থেকে ১ হজার গুন ভাল অপশন।,negative
2788,"মোসাদ্দেক সানজামুল হটাও,আঃ রাজ্জাক আর সাব্বিরকে দলে ভেড়াও,","মোসাদ্দেক সানজামুল হটাও,আঃ রাজ্জাক আর সাব্বিরকে দলে ভেড়াও,",negative
2782,মোসাদ্দেক বাদ সাব্বির ইন.,মোসাদ্দেক বাদ সাব্বির ইন.,negative
2628,মেনু খুব সীমিত - আমি মনে করি আমরা 4 বা 5 এনট্রিস গণনা করি।,মেনু খুব সীমিত ,negative
2747,"মিরপুর উইকেট ম্যাজিক ৮২ রানে অলআউট,,বাংলাদেশ,","মিরপুর উইকেট ম্যাজিক ৮২ রানে অলআউট,,বাংলাদেশ,",negative
2650,মাহমুদুল্লাহ হচ্ছে বাংলাদেশ ক্রিকেটের মীরজাফর।,মাহমুদুল্লাহ হচ্ছে বাংলাদেশ ক্রিকেটের মীরজাফর।,negative
5151,"আন্নেরে নানী সংসদে মানায় না, নির্বাচন করে কবে আসলেন,। দুর্নীতি করে সংসদে এসে বড় বড় কথা বলাই যায়,। তানা হলে আপনাদের রাজপথে ভিক্ষা করতে হবে,। ফালতু বান্দরের মত কথা কয় পাগল ছাগলের মত স্টুপিড অযোগ্য অবৈধ হিজরা মন্ত্রী",মানায় না,negative
5127,আমাদের কথায় সরকারের কিছু যায় মাথা মোটা গুলা যে টেকনোলোজির আগা মাথাও ড্যাম,মাথা মোটা ,negative
2655,হাতুরুকে নিয়ে মাত্রাতিরিক্ত ভাবাভাবির কিছু নেই।,মাত্রাতিরিক্ত ভাবাভাবির কিছু নেই।,negative
5146,মাগি পাগল হয়ছে গেছে,পাগল হয়ছে গেছে,negative
5147,মতিয়ার মুখে জুতা মারবো জনোগন,মতিয়ার মুখে জুতা মারবো জনোগন,negative
5152,মতিয়া মাগি যদি যোদ্ধ করে তাহলে মাগি মরেনি কেনো,মতিয়া মাগি যদি যোদ্ধ করে তাহলে মাগি মরেনি কেনো,negative
2596,সিনিয়রদের এই ভুল গুলো মেনে নেওয়া যায় না।।।।।,ভুল গুলো মেনে নেওয়া যায় না,negative
5114,ভাত পায়না চা খায়,ভাত পায়না চা খায়,negative
5119,ভাওতাবাজি কথা কলে ভিউয়ার আর সাবস্ক্রাইব বাড়ানো টা ও আমরা বুঝে গেছি।,ভাওতাবাজি কথা কলে ,negative
5124,ভাইয়া খুশি হুননি মনে হয়!,ভাইয়া খুশি হুননি মনে হয়!,negative
5115,ভাই মিডিয়া যদি নিউজ গুলা প্রচার না করে তাহলে আপনি কেমনে পাইলেন এইসব তথ্য? এইডা আবার বলিয়েন নাহ যে স্বপ্নে পাইছেন।,ভাই মিডিয়া যদি নিউজ গুলা প্রচার না করে ,negative
2741,ভাই এটা কি খেলা না হাজিরা দেওয়া,ভাই এটা কি খেলা না হাজিরা দেওয়া,negative
2720,"এটা প্রথম দিকে বন্ধ করে,এটি একটি পরিবর্তিত এবং ব্যস্ত রেস্টুরেন্ট।",ব্যস্ত ,negative
2613,বেটা উয়েকেট পিচে ছাগল দিয়ে বল করালে ও উয়েকেট পাওয়া যায় এটা এখন সবাই বোঝে।,বেটা উয়েকেট পিচে ছাগল দিয়ে বল করালে ও উয়েকেট পাওয়া যায় ,negative
5126,বেকার নিওজ খায়া কাম নাই তর,বেকার নিওজ খায়া কাম নাই তর,negative
2787,রাজ্জাকের সাথে বেঈমানী করেছে বিসিবি,বেঈমানী ,negative
2709,বিসিবির পুটকি তে রড ঢুকাতে মন চাই,বিসিবির পুটকি তে রড ঢুকাতে মন চাই,negative
2749,ব্যাটিং বিপর্যয় বাংলা দেশের ।।,বিপর্যয় ,negative
2711,বিজয় কে আর জাতীয় দলে দেখতে চাইনা,বিজয় কে আর জাতীয় দলে দেখতে চাইনা,negative
2755,"বিজয় ,নাসির ,মামহুদুল্লা এরা জাতীয় ধারাবাহিক খারাপ খেলে ,এদের বাদ দেওয়া হোক","বিজয় ,নাসির ,মামহুদুল্লা এরা জাতীয় ধারাবাহিক খারাপ খেলে ,এদের বাদ দেওয়া হোক",negative
2727,বাঁশ টা ঠিক মতই দিবো,বাঁশ টা ঠিক মতই দিবো,negative
5109,বালের রাজনীতি করে মানুষের জীবন শেষ করে দিচ্ছে। সামনে রোজা এর থেকে কিছু টাকা নিয়ে যদি গরীবদের খাওয়াতো।,বালের রাজনীতি,negative
5145,বালের চেতনার কারনেই এই অবস্থা :P,বালের চেতনার কারনেই এই অবস্থা ,negative
2652,বাংলাদেশ সিরিজটিতে গো হারা হারবে।,বাংলাদেশ সিরিজটিতে গো হারা হারবে।,negative
2708,বাংলা দেশের ব্যাটিং বিপর্যয় ।।ভাল লক্ষণ নয় ।।,বাংলা দেশের ব্যাটিং বিপর্যয় ।।ভাল লক্ষণ নয় ।।,negative
2734,বাংলা দেশ হারবে আজ ।,বাংলা দেশ হারবে আজ ।,negative
2724,কোচ কোন বাল ঈ না সেটা প্রমাণ করেছে আমাদের টাইগার রা-,বাল না ,negative
5149,রাজাকার রা জে মুক্তিযোদ্ধার সর্টিফফিকেট নিযে় বসে আছে ওইটা দেখেনা মতিয়া চৌধুরী ?ওরা কি ওর বাপ লাগে ?,বাপ লাগে,negative
5122,এত কিছু হয়েছে অতচ বাঙ্গালি কি।ছুই জানে না।,বাঙ্গালি কি।ছুই জানে না,negative
2606,"বাংঙালীকে তেল দিতে নেই। ভালো খেলছে, ধন্যবাদ।",বাংঙালীকে তেল দিতে নেই। ,negative
5118,রাইট বলেছেন বাংগালী আবাল তাই যে যা বলে সবাই তাই মানে,বাংগালী আবাল তাই যে যা বলে সবাই তাই মানে,negative
2588,বেগম মতিয়া কে বহিস্কার করা হোক,বহিস্কার করা হোক,negative
135,শেফ থেকে হাট বন্ধ,বন্ধ,negative
2667,শুধু স্পিন দিয়ে প্রতিপক্ষ কে ঘায়েল করার সট্র্যটেজি বনধ হওয়া দরকার |,বনধ হওয়া দরকার,negative
5113,বড়লোকের সরকার,বড়লোকের সরকার,negative
2599,দুই ইনিংসে বড় জোর 200 ইনিংস পরাজয় কাছাকাছি।,বড় জোর 200 ইনিংস পরাজয় কাছাকাছি,negative
5153,"বঙ্গবন্ধুর চামড়া দিয়ে ঢুগডুগি খেলবে বলে,আজ মুক্তিযুদ্ধেরর ছবক দেয়",বঙ্গবন্ধুর চামড়া দিয়ে ঢুগডুগি ,negative
4468,নো নো ফিনিশিং টা হলো না,ফিনিশিং টা হলো না,negative
2752,হায় আগের ফর্ম যেন না হ্য়।,ফর্ম যেন না ,negative
2635,প্রত্যাশা বড় ব্যাটিং বিপর্যয়ে না পড়ে যায় দল,প্রত্যাশা বড় ব্যাটিং বিপর্যয়ে না পড়ে যায় দল,negative
2662,"সাব্বির, নাসির, এনামুল তোমাদের বলছি তোমরা যদি তোমাদের মায়ের বুকের দুধ একফোটা খেয়ে থাকো তাহলে দলে ঢোকার ইচ্ছা প্রকাশ কখনো করবে না",প্রকাশ কখনো করবে না,negative
5133,পালতু বিড়িও,পালতু বিড়িও,negative
2785,দল গঠনে বাংলাদেশ এখনো প্রফেশনাল হতে পারলো না। অদ্ভুত,পারলো না।,negative
5154,পাগোল হয়ে গেছে পাবনায় নেওয়া হক।,পাগোল হয়ে গেছে ,negative
5108,'পাগলে কয় কি আর ছাগলেরা খায় কি'! !!!!!,পাগলে কয় কি আর ছাগলেরা খায় কি'! !!!!!,negative
5148,"কয়া যা মনে যা কয়, একবার খমতার থিকা নাম, পরে দেখবি হিটলার সেকেন্ড হয়া যাইব",পরে দেখবি হিটলার সেকেন্ড হয়া যাইব,negative
2772,নির্বাচকরা সেই হাথুরুর সময় থেকে এখনো পর্যন্ত উপযুক্ত একাদশ গঠন করেনি।,নির্বাচকরা সেই হাথুরুর সময় থেকে এখনো পর্যন্ত উপযুক্ত একাদশ গঠন করেনি।,negative
2694,তামিম খেললে বেশ...না খেললে সব শেষ। আজ তার জলন্ত প্রমাণ।,না খেললে ,negative
726,না !!,না,negative
2743,নতুন বছরের নতুন চমক দেখলাম।আমাদের এই টিম সবি পারে।,নতুন বছরের নতুন চমক দেখলাম।আমাদের এই টিম সবি পারে।,negative
4463,সাফা কবির ন লাইক লুক,ন লাইক লুক,negative
2784,"খেলুক রাজ্জাক, ধ্বংস করে দিক লংকান ব্যাটিং স্থম্ভ।",ধ্বংস করে ,negative
2723,হাতুরের হার্টের ধুকধুকানি মনে হয় শুরু হয়ে গেছে।,ধুকধুকানি ,negative
2616,ধর্যের ফল যে সবসময় মিষ্টি হয় তার প্রমাণ হল রাজ্জাক ভাই।,ধর্যের ফল যে সবসময় মিষ্টি হয় তার প্রমাণ হল রাজ্জাক ভাই।,negative
5136,দেশে এখন চোর লীগ,দেশে এখন চোর লীগ,negative
2750,তোমার নাক আমার মতো  দেখি না ...,দেখি না ...,negative
2777,"দেখা যেতে পারে একথা বললে চলবেনা, ওকে একাদশে মাঠে দেখতে চাই।","দেখা যেতে পারে একথা বললে চলবেনা, ওকে একাদশে মাঠে দেখতে চাই।",negative
2614,"মামু, চাচা নেই বলে অবহেলিত ক্রিকেটার আব্দুর রাজ্জাক কে, দীর্ঘ দিন থেকে জাতীয় টিমে নেওয়া হয়নি,","দীর্ঘ দিন থেকে জাতীয় টিমে নেওয়া হয়নি,",negative
2615,আঃ রাজ্জাককে জানি না কেন এতোদিন দলের বাইরে রেখেছিলেন নির্বাচকরা।,দলের বাইরে রেখেছিলেন নির্বাচকরা।,negative
5156,ঔ মতিয়া তুর বিচার ও বাংলার জমিনে হবে ইনশা আল্লাহু,তুর বিচার ও বাংলার জমিনে হবে ,negative
2659,তিন ফুটিয়া গান‍্ডু টা কোথায়? ভারত হারলে কর ভালো ঘুম হতো,তিন ফুটিয়া গান‍্ডু টা কোথায়,negative
2595,ব্যাট ধরার আগেই তিন জন আউট হাইরে শেখ হাসিনার বাংলাদেশ,তিন জন আউট হাইরে,negative
2761,"তারা আমদের এটি জন্য জিজ্ঞাসা না করা পর্যন্ত,এটি আমাদের ডিনার বিশেষ দিন না।","তারা আমদের এটি জন্য জিজ্ঞাসা না করা পর্যন্ত,এটি আমাদের ডিনার বিশেষ দিন না।",negative
2731,তামিমের কপালে আজো একটা যোগ্য সঙ্গী জুটলো না। অভাগা তামিম।,তামিমের কপালে আজো একটা যোগ্য সঙ্গী জুটলো না। অভাগা তামিম।,negative
2589,মুসফিক আর তামিমের বেটিং তান্ড়বে কুহিলির জিব্বহাটা শুকিয়ে গেছে গরুর মুত খাওয়ার জন্য,তান্ড়বে কুহিলির জিব্বহাটা শুকিয়ে গেছে গরুর মুত খাওয়ার জন্য,negative
4981,সুভাষ কে ডিম থেরাপি দেবে একদিন ছাএ লীগ।,ডিম থেরাপি দেবে একদিন ছাএ লীগ,negative
5105,"ডিজিটাল দুর্নীতি। সাবাস বাংলাদেশ, কাংগালদেশ হতে আর বাকী নেই।",ডিজিটাল দুর্নীতি কাংগালদেশ হতে আর বাকী নেই,negative
2722,স্বীকৃতি পেতে আমাদের টেবিলের কাছে এসেছিলো টাট্টুর বাইরে পুড়িয়ে ফেলা হয়েছিল।,টাট্টুর ,negative
5104,আমি মনে করি যে টাকা স্যাটেলায়িট তৈরি করছে টাকা গুলা নষ্ট বাংলাদেশের মানুষ যদি বিড়ি কিনে খেতো টাকা গুলো দিয়ে তাও কাছে আসতো,টাকা গুলা নষ্ট বাংলাদেশের মানুষ যদি বিড়ি কিনে খেতো,negative
2753,টাইগার শুইয়া গেছে ।,টাইগার শুইয়া গেছে ।,negative
2760,ঝুঁকিপূর্ণ হাঁটাহাঁটিও,ঝুঁকিপূর্ণ ,negative
2716,জোড়াতালি রান দিয়ে বাংলাদেশ জিতে গেছে,জোড়াতালি ,negative
2661,সাত জন স্পিনার দিয়ে মাঠে বোতল টানানো যায় ম্যাচ জেতা যায় না,জেতা যায় না,negative
5053,তুই জারজ সন্তান,জারজ সন্তান,negative
,শেষটা ভাল ছিল না,ছিল না,negative
5144,ছিঃ ছিঃ বাংলাদেশ!!,ছিঃ ছিঃ বাংলাদেশ,negative
2671,ছাপানো খাদ্য সঙ্গে  না,ছাপানো খাদ্য সঙ্গে  না,negative
5018,ছাগলের ছাগলামি,ছাগলের ছাগলামি,negative
5162,মুতিয়া চোদির কথা শোনে মনে হচছে ভারতের কোন পতিতালয় এর এক মুখ পুরা নসটা মহিলা । আসলে আওয়ামী নামের দল টাই এক নসটার দল আর এই দলের প্রধান সব চাইতে বড় নসটা । এই মালাউন রা যত দিন দেশের গারে বসে থাকবে ততদিন দেশে কোন শানতি থাকবে না,"চোদির,পুরা নসটা মহিলা ",negative
2590,সত্যি সত্যিই ছিলো বাঘ আমাদেরই চাপে হয়ে গেলো বেড়াল l,চাপে হয়ে গেলো বেড়াল,negative
5137,"সাধারন মানুষের গলা কাটার মত অবস্থা,,,,",গলা কাটার মত অবস্থা,negative
2780,"গত রাতে ২ বছরের বার্ষিকী চলছিল, কাগজ গুলি ছাপানো ছিল না।","গত রাতে ২ বছরের বার্ষিকী চলছিল, কাগজ গুলি ছাপানো ছিল না।",negative
2639,পাপন খেলা দেখেনি?রাজ্জাক কি জিনিষ মাঠে এসে দেখ,খেলা দেখেনি,negative
2598,তামিম ত টেস্টে খেলা জানে না,খেলা জানে না,negative
2601,খন আবার একটা ম্যাচ ভালো না খেলুক তখন আবার জোর গলায় বলবে এই রাজ্জাক কে বাদ দেও খেলতে পারে না,খেলতে পারে না,negative
5161,মাতিয়া চৌধুরীকে খেয়ে দেয়া হোক,খেয়ে দেয়া হোক,negative
2594,টেষ্ট ক্রিকেটে রান আউট খুবই দুঃখজনক।,খুবই দুঃখজনক,negative
2608,আমি রথ এর দ্বিগুণ হয়েছি এবং উভয় বার খুব হতাশাজনক ছিলাম,খুব হতাশাজনক ছিলাম,negative
2759,সাকিব ছাড়া বাংলাদেশ স্পিন বোলিং লাইন খুব সাধারণ মানে।,খুব সাধারণ মানে।,negative
2629,"খুব পাগল না,তাদের মেটা মার্টিনি সম্পর্কে ।","খুব পাগল না,",negative
2682,টারনিং পিচ বানিয়ে ওষুধ খুজে লাভ কি বাউন্সি পিচ বানালেই হয় ।,খুজে লাভ কি ,negative
2600,ইমরুল খারাপ ফর্মে থাকা অবস্থায় তাকে নেওয়া হয়তেছে অথচ শাহরিয়ার নাফিসকে সুযোগ দেওয়া হয়তেছে না।,খারাপ ফর্মে থাকা অবস্থায় তাকে নেওয়া হয়তেছে সুযোগ দেওয়া হয়তেছে না,negative
2757,"আমি গত দুই বছর ধরে NYCতে অভিজ্ঞতার সহিত আছি,অর্থের জন্য আমার অ্যামা মান  খারাপ  আছে।",খারাপ  আছে।,negative
2856,"বেশ স্পষ্টভাবে, খারাপ সুশি আমি কখনও চেষ্টা করি নাই",খারাপ,negative
5138,কুত্তার বাচ্ছার রাজনীতি আমাদের দেশটা ধ্বংশ করে দিচ্ছে। সবই ভাউতাবাজি।,কুত্তার বাচ্ছার রাজনীতি আমাদের দেশটা ধ্বংশ করে দিচ্ছে,negative
5159,কুওার বাচ্চা তুই মতিয়া,কুওার বাচ্চা তুই মতিয়া,negative
2656,"আমি রিজার্ভেশন করার চেষ্টা করেছি, কিন্তু উভয়ই সময়, হোস্টেলে আমার নাম ছিল না।","কিন্তু উভয়ই সময়, হোস্টেলে আমার নাম ছিল না",negative
2644,ওরা ত ২০০ করছে তোরা ১০০ করতে পারবে না,করতে পারবে না,negative
2647,কখনো আমি  এত অমনোযোগী আচরণ করি নি।,কখনো আমি  এত অমনোযোগী আচরণ করি নি।,negative
2673,ওদের রঙ্গনা হেরাত একাই যথেষ্ট।,ওদের রঙ্গনা হেরাত একাই যথেষ্ট।,negative
4464,এস্কিডেন্ট এটা ঠিক হলনা,এস্কিডেন্ট এটা ঠিক হলনা,negative
2705,এনামুল বলদাটা এই অলক্ষীটা লাগাই গেছে,এনামুল বলদাটা এই অলক্ষীটা লাগাই গেছে,negative
2746,এনামুল তো ০ কাটাতে পারছে না।,এনামুল তো ০ কাটাতে পারছে না।,negative
2776,এটি এক ব্রুকলিনের সর্বাধিক উৎকৃষ্ট রেস্তোরাঁ,এটি এক ব্রুকলিনের সর্বাধিক উৎকৃষ্ট রেস্তোরাঁ,negative
2664,এটি অপেক্ষা করছে এটি অসামঞ্জস্যপূর্ণ সামগ্রিকভাবে একটি ওহ,এটি অসামঞ্জস্যপূর্ণ সামগ্রিকভাবে একটি ওহ,negative
2612,এটাই তো সমস্যা এক দিনে হিরো করে দেওয়া তোমাদের কাজ,এটাই তো সমস্যা ,negative
2781,"এটা বরং তাদের দেরী ছিল,একটি ঘন্টা ধরে বসে থাকতে","এটা বরং তাদের দেরী ছিল,একটি ঘন্টা ধরে বসে থাকতে",negative
2704,এটা পুরা দমে ফিক্সিং একটা খেলা হইসে।,এটা পুরা দমে ফিক্সিং একটা খেলা হইসে।,negative
2642,এখন তো নিজেরাই দিশেহারা!!!,এখন তো নিজেরাই দিশেহারা!!!,negative
2742,একটু ভালো খেললেই অহংকার এসে ভর করে আর তাই পতন এসে ভীর করে।,একটু ভালো খেললেই অহংকার এসে ভর করে আর তাই পতন এসে ভীর করে।,negative
2726,"একটি সংকীর্ণ করিডোরটি একটি ছোট্ট স্থান বাড়ে যেখানে তিনটি ক্ষুদ্র সাদা টাইল্ড কাউন্টার রয়েছে, প্রচুর পরিমাণে জালিয়াতি (বোতল, কাঁধের ডাল) এবং 12-14 এনট্র্রিটের একটি ছোট কভার থাকে।","একটি সংকীর্ণ করিডোরটি একটি ছোট্ট স্থান বাড়ে যেখানে তিনটি ক্ষুদ্র সাদা টাইল্ড কাউন্টার রয়েছে, প্রচুর পরিমাণে জালিয়াতি (বোতল, কাঁধের ডাল) এবং 12-14 এনট্র্রিটের একটি ছোট কভার থাকে।",negative
5117,"এইটা,,ভাল,,না,,",এইটা ভাল না,negative
2648,"এই সুযোগে অবসর নেয়া উচিত,,খুব ভাল হবে রাজ্জাকের জন্য",এই সুযোগে অবসর নেয়া উচিত,negative
2593,দেশের এই ভয়ানক পরিস্থিতিতে আওয়ামী দালাল বিবিসি আছে খেলাধুলা নিয়া!,এই ভয়ানক পরিস্থিতিতে আওয়ামী দালাল,negative
2733,"এই কেমন পিচ """"""! বল তো খেলতে কস্ট হয়ে যাচ্ছে","এই কেমন পিচ """"""! বল তো খেলতে কস্ট হয়ে যাচ্ছে",negative
5140,এই অবৈধ সরকারের সব কাজেই ধান্দাবাজি,এই অবৈধ সরকারের সব কাজেই ধান্দাবাজি,negative
2610,"এ আর নতুনকি, বাংলাদেশের ক্রিকেট মানেই,সজন প্রিয়জন ,,","এ আর নতুনকি, বাংলাদেশের ক্রিকেট মানেই,সজন প্রিয়জন ,,",negative
2611,রাজ্জাককে উপেক্ষা করেনি বাংলাদেশ! উপেক্ষা করেছিল হাথুরেসিংহে,উপেক্ষা করেছিল হাথুরেসিংহে,negative
2754,"উপেক্ষা করুন,শুধু ট্রেন্ডি wannabes এর জন্য","উপেক্ষা করুন,শুধু ট্রেন্ডি wannabes এর জন্য",negative
2740,উডনের জন্য পানি ও স্যুপ সয়া সস ছিল।,উডনের জন্য পানি ও স্যুপ সয়া সস ছিল।,negative
2633,আরে বুড়া মানুষ কামের না।ওরে দলে রাখছে ক্যান??,আরে বুড়া মানুষ কামের না।ওরে দলে রাখছে ক্যান??,negative
2745,"আমি তোমাকে ভালোবাসি, যখন তারা তাদের খাদ্যের  অর্ডার আপনার দিতে বলেছে  তারা বললো  পাল্টা সব ব্যবসা হতে পারে। আমি তোমাকে ভালোবাসি, যখন তারা তাদের খাদ্যের  অর্ডার আপনার দিতে বলেছে  তারা বললো  পাল্টা সব ব্যবসা হতে পারে।","আমি তোমাকে ভালোবাসি, যখন তারা তাদের খাদ্যের  অর্ডার আপনার দিতে বলেছে  তারা বললো  পাল্টা সব ব্যবসা হতে পারে। আমি তোমাকে ভালোবাসি, যখন তারা তাদের খাদ্যের  অর্ডার আপনার দিতে বলেছে  তারা বললো  পাল্টা সব ব্যবসা হতে পারে।",negative
2738,আমি এই রেস্তোরাঁয়  কখনোআ দেখা করব না।,আমি এই রেস্তোরাঁয়  কখনোআ দেখা করব না।,negative
2649,আমার ডেলিভারির জন্য রেস্টুরেন্ট অর্ধেক অর্ডার ভুলে যায়,আমার ডেলিভারির জন্য রেস্টুরেন্ট অর্ধেক অর্ডার ভুলে যায়,negative
5121,"বাজারে গেলে ৭০ ৮০ টাকা দিয়ে তরকারি কিনতে হয়, আমাদের পকেট ফাকা করে ছ্যাটেলাইট উড়ে, নাম হয় আওয়ামীলীগ এর।",আমাদের পকেট ফাকা করে ছ্যাটেলাইট উড়ে,negative
2651,"আমাদের উপর চেক করা হয়,কারণ আমাদের সার্ভার পুরো খাবার সময় দুবার","আমাদের উপর চেক করা হয়,কারণ আমাদের সার্ভার পুরো খাবার সময় দুবার",negative
2703,আমাদের অধিনায়ক সাহেবে মাতাল হয়ে গেছে।উনি টচ জিতে কেন বার বার ব্যাটিং নিচ্ছেন???,আমাদের অধিনায়ক সাহেবে মাতাল হয়ে গেছে।উনি টচ জিতে কেন বার বার ব্যাটিং নিচ্ছেন???,negative
2778,আব্দুল রাজ্জাক কে অবশ্যই সুজুগ দেয়া উচিৎ।,আব্দুল রাজ্জাক কে অবশ্যই সুজুগ দেয়া উচিৎ।,negative
2702,আবাল ব্যাটিং হচ্ছে..,আবাল ব্যাটিং হচ্ছে..,negative
2775,আবার সাব্বির কেন,আবার সাব্বির কেন,negative
2686,লেগ ভেল্কির কোন ঔসুধ নাই।আফ্রিকার মরন দশা!!,আফ্রিকার মরন দশা!!,negative
4653,আন লাইক কোন বলদে মারলিরে।।।।,আন লাইক কোন বলদে মারলিরে,negative
2736,আজকের ম্যাচটা ফিক্সিং করে শ্রীলংকাকে জিতিয়ে দেয়ার জন্য বিসিবি কত টাকা খেয়েছে জাতি জানতে চায়।,আজকের ম্যাচটা ফিক্সিং করে শ্রীলংকাকে জিতিয়ে দেয়ার জন্য বিসিবি কত টাকা খেয়েছে জাতি জানতে চায়।,negative
2706,আজকে ম্যাচ তামিমের জন্য হারবো।,আজকে ম্যাচ তামিমের জন্য হারবো।,negative
5155,আওয়ামিলীগ মুক্তি যোদ্ধের কোন ভুমিকাই নেই তবুও আজ মুক্তি যোদ্ধ নিয়ে গেউ গেউ করে এতে হাসি পায় লজ্জাও লাগেনা?,আজ মুক্তি যোদ্ধ নিয়ে গেউ গেউ করে ,negative
2756,"আগের হাল যেমনে যায়, পিছেরটা আগেরটারে দেইখা যায়।","আগের হাল যেমনে যায়, পিছেরটা আগেরটারে দেইখা যায়।",negative
5158,আগল পাগল মন্ত্রী বানাই বালের উন্নতি করবে,আগল পাগল মন্ত্রী বানাই বালের উন্নতি করবে,negative
2737,অ্যাট্রাকিয়াস থাকার কারনে খাবারটি ভয়াবহ ছিল।,অ্যাট্রাকিয়াস থাকার কারনে খাবারটি ভয়াবহ ছিল।,negative
2715,বেটা হাতুরীর অহংকার একেবারে ধুলোয় মিশিয়ে দিলো।,অহংকার ,negative
2592,"ক্রিকেটে ভারত একটা অসভ্য দল,বিরাট কোহলির আচরনে স্পষ্ট ফুটে উঠে।","অসভ্য দল,বিরাট কোহলির আচরনে স্পষ্ট ফুটে উঠে",negative
2605,অল আউট হ তারাতারি।,অল আউট হ তারাতারি।,negative
5130,অযথা খরচ !,অযথা খরচ !,negative
5050,ভাই। অনেক বড় কুতুব আপনি বোঝা গেল,অনেক বড় কুতুব,negative
2624,"আমি সেখানে কয়েক বার গিয়েছি, এবং আমি সাধারণত কিছু চমত্কার অদ্ভুত মানুষ পাশে বসতে শেষ।",অদ্ভুত মানুষ পাশে বসতে শেষ।,negative
5143,Mohammed Ali রাজাকারের বাচ্চা রাজাকার। বাইঞ্চোদ। ওনারে নিয়া বাজে কথা বলিস কেন,Mohammed Ali রাজাকারের বাচ্চা রাজাকার। বাইঞ্চোদ। ওনারে নিয়া বাজে কথা বলিস কেন,negative
2739,৮২ রানে অল উইকেট|,৮২ রানে অল উইকেট|,negative
2699,৫০ তে খুশি থাকেন আমাদের খেলোয়ারা।,৫০ তে খুশি থাকেন আমাদের খেলোয়ারা।,negative
2687,স্যার শূন্য সরকার আর লিটল বাঁশ এদের জন্য আজ ম্যাচ হেরে গেলো, হেরে গেলো,negative
134,কখনও হতাশ করা হয়েছে লাল চোখে, হতাশ করা হয়েছে লাল চোখে,negative
2790,"তবে, এটি একটি বিশেষ ভ্রমণের মূল্য নয়।", মূল্য নয়,negative
2719,নাসিরে আর মাত্র ১০০ রানের জন্য সেন্চুরিটা মিস করল, মিস করল,negative
2690,বোর্ড কি মাল খাইয়া একাদশ ঘোষণা করলো নাকি???, মাল খাইয়া ,negative
2693,পরাজয় হয়ছি করার কিছু নাই কিন্তু মাএ ৮২ রানে অলআউট মানতে পারলাম না।!!!, মানতে পারলাম না।!!!,negative
5150,আহত কেন হয়েছিলরে মাগি, মাগি,negative
5163,মতিয়া একটা মাগির বাচ্চা, মতিয়া একটা মাগির বাচ্চা,negative
2688,আমার পরিবার সম্পূর্ণ  ভয়াবহ ছিল।, ভয়াবহ ছিল।,negative
2697,সাকিব তামিম ছাড়া বাংলাদেশের অন্য ব্যাটসম্যান গুলা বি গ্রডের, বি গ্রডের,negative
2717,আজকে হাতুরী পিটা করছে শ্রীলঙ্কাকে, পিটা করছে ,negative
5128,"আমি ১০০% সিওর আপনি বিরদি দলের না হলে একটিতো ভালো গুন তুলে ধরতেন ভাই, দেশের মানুষ সব গুলো গাধা, ধন্যবাদ ভাইয়া চালিয়ে যান একদিন সফল হবেন ইনসা আল্লাহ!", দেশের মানুষ সব গুলো গাধা,negative
2765,যতবলে ততনা আমরাও পারি লংকাকে হারাতে।, তত না ,negative
1626,তিন পাগল কে জুতা দিয়ে পিটা দরকার, জুতা দিয়ে পিটা,negative
2604,হুজুগে বাঙালি।হালারা তাকে ভাল খেলছে বলে মাথাই নিয়ে নাছবে আবার কয়েকটা খারাপ খেললে মাথা থেকে ফেলে দিবে।, খারাপ খেললে মাথা থেকে ফেলে দিবে।,negative
2791,মোসাদ্দেকের বদলে সাব্বির! কেমনে কি?, কেমনে কি,negative
2620,রাজ্জাকের একটা উইকেট পাওয়া মানে একেক কর্মকর্তার গালে জুতা মারা।, একেক কর্মকর্তার গালে জুতা মারা।,negative
2764,রাজজাককে না নিলে তার অভিশাপে হারবে বাংলাদেশ।, অভিশাপে হারবে ,negative
2286,আমি কি করব,আমি কি করব,neutral
2287,"ধ্যাততেরিকি বাংলা কমেডি মুভি টি দেখুন এবং চ্যানেল টি অবশ্যই ""SUBSCRIBE"" করুন","ধ্যাততেরিকি বাংলা কমেডি মুভি টি দেখুন এবং চ্যানেল টি অবশ্যই ""SUBSCRIBE"" করুন",neutral
2288,- প্রশ্ন কে দিসে? - নাহিদ,- প্রশ্ন কে দিসে? - নাহিদ,neutral
2289,এইরকম ঘটনা প্রতি বছর এসএসসি পরীক্ষার সময় প্রায় প্রতি ঘরে ঘরে ঘটে,এইরকম ঘটনা প্রতি বছর এসএসসি পরীক্ষার সময় প্রায় প্রতি ঘরে ঘরে ঘটে,neutral
2290,আহারে বেচারা ছেলেটার কথা চিন্তা করে খুব কষ্ট লাগতেচে আমার,আহারে বেচারা ছেলেটার কথা চিন্তা করে খুব কষ্ট লাগতেচে আমার,neutral
2309,আমাদের দেশের ছেলে আবাল গুলোএদের কাছ থেকে অনেক কিছু শেখার আছে আবাল গুলো কোথায় আজ,আমাদের দেশের ছেলে আবাল গুলোএদের কাছ থেকে অনেক কিছু শেখার আছে আবাল গুলো কোথায় আজ,neutral
2310,আশশাফুলকে দলে চাই,আশশাফুলকে দলে চাই,neutral
2311,আমরা অল বাং গালি আবার দেখতে চাই,আমরা অল বাং গালি আবার দেখতে চাই,neutral
2312,আশরাফুলকে চাই।,আশরাফুলকে চাই।,neutral
2313,আশরাফু‌কে আমরা চাই,আশরাফু‌কে আমরা চাই,neutral
2314,আশরাফুল ভাইকে দলে চাই।,আশরাফুল ভাইকে দলে চাই।,neutral
2315,আশরাফুল ভাই কে আবার চাই দলে,আশরাফুল ভাই কে আবার চাই দলে,neutral
2316,সত্যিই আমার কাছে মনে হচ্ছে আজ যদি আশরাফুল কে নিয়ে খেলা করতেন বিসিবি একাদশ তাহলে আজ আমরা নিহাধ ট্রফি চ্যাম্পিয়ন হতাম। 10000000000% সত্য ।,সত্যিই আমার কাছে মনে হচ্ছে আজ যদি আশরাফুল কে নিয়ে খেলা করতেন বিসিবি একাদশ তাহলে আজ আমরা নিহাধ ট্রফি চ্যাম্পিয়ন হতাম। 10000000000% সত্য ।,neutral
2317,আবার চাই,আবার চাই,neutral
2318,"এসব নাটক না করে, আশাফুলকে তাড়াতাড়ি দলে পেরানো হক","এসব নাটক না করে, আশাফুলকে তাড়াতাড়ি দলে পেরানো হক",neutral
2319,আশরাফুল তুমি তাড়াতাড়ি দলে ফিরে আসো তোমাকে বাংলাদেশ দলে খুব প্রোয়োজন,আশরাফুল তুমি তাড়াতাড়ি দলে ফিরে আসো তোমাকে বাংলাদেশ দলে খুব প্রোয়োজন,neutral
2320,দলে চাই,দলে চাই,neutral